Nom_Districte,Nom_Barri,Antiguitat,Valor
Ciutat Vella,"Sant Pere, Santa Caterina i la Ribera",1 any,1837
Ciutat Vella,"Sant Pere, Santa Caterina i la Ribera",10 anys,238
Ciutat Vella,"Sant Pere, Santa Caterina i la Ribera",2 anys,1349
Ciutat Vella,"Sant Pere, Santa Caterina i la Ribera",3 anys,405
Ciutat Vella,"Sant Pere, Santa Caterina i la Ribera",4 anys,820
Ciutat Vella,"Sant Pere, Santa Caterina i la Ribera",5 anys,2115
Ciutat Vella,"Sant Pere, Santa Caterina i la Ribera",6 anys,789
Ciutat Vella,"Sant Pere, Santa Caterina i la Ribera",7 anys,363
Ciutat Vella,"Sant Pere, Santa Caterina i la Ribera",8 anys,358
Ciutat Vella,"Sant Pere, Santa Caterina i la Ribera",9 anys,271
Ciutat Vella,"Sant Pere, Santa Caterina i la Ribera",D'11 a 20 anys,2551
Ciutat Vella,"Sant Pere, Santa Caterina i la Ribera",Menys d'un any d'antiguitat,1349
Ciutat Vella,"Sant Pere, Santa Caterina i la Ribera",Més de 20 anys,1496
Ciutat Vella,"Sant Pere, Santa Caterina i la Ribera",No consta,6
Ciutat Vella,el Barri Gòtic,1 any,286
Ciutat Vella,el Barri Gòtic,10 anys,954
Ciutat Vella,el Barri Gòtic,2 anys,231
Ciutat Vella,el Barri Gòtic,3 anys,408
Ciutat Vella,el Barri Gòtic,4 anys,503
Ciutat Vella,el Barri Gòtic,5 anys,252
Ciutat Vella,el Barri Gòtic,6 anys,296
Ciutat Vella,el Barri Gòtic,7 anys,464
Ciutat Vella,el Barri Gòtic,8 anys,867
Ciutat Vella,el Barri Gòtic,9 anys,619
Ciutat Vella,el Barri Gòtic,D'11 a 20 anys,3491
Ciutat Vella,el Barri Gòtic,Menys d'un any d'antiguitat,347
Ciutat Vella,el Barri Gòtic,Més de 20 anys,2002
Ciutat Vella,el Barri Gòtic,No consta,2
Ciutat Vella,el Raval,1 any,461
Ciutat Vella,el Raval,10 anys,278
Ciutat Vella,el Raval,2 anys,408
Ciutat Vella,el Raval,3 anys,388
Ciutat Vella,el Raval,4 anys,648
Ciutat Vella,el Raval,5 anys,589
Ciutat Vella,el Raval,6 anys,523
Ciutat Vella,el Raval,7 anys,488
Ciutat Vella,el Raval,8 anys,485
Ciutat Vella,el Raval,9 anys,383
Ciutat Vella,el Raval,D'11 a 20 anys,4129
Ciutat Vella,el Raval,Menys d'un any d'antiguitat,443
Ciutat Vella,el Raval,Més de 20 anys,2502
Ciutat Vella,la Barceloneta,1 any,203
Ciutat Vella,la Barceloneta,10 anys,191
Ciutat Vella,la Barceloneta,2 anys,2281
Ciutat Vella,la Barceloneta,3 anys,667
Ciutat Vella,la Barceloneta,4 anys,520
Ciutat Vella,la Barceloneta,5 anys,470
Ciutat Vella,la Barceloneta,6 anys,509
Ciutat Vella,la Barceloneta,7 anys,399
Ciutat Vella,la Barceloneta,8 anys,404
Ciutat Vella,la Barceloneta,9 anys,244
Ciutat Vella,la Barceloneta,D'11 a 20 anys,2081
Ciutat Vella,la Barceloneta,Menys d'un any d'antiguitat,317
Ciutat Vella,la Barceloneta,Més de 20 anys,973
Ciutat Vella,la Barceloneta,No consta,1
Eixample,Sant Antoni,1 any,655
Eixample,Sant Antoni,10 anys,507
Eixample,Sant Antoni,2 anys,534
Eixample,Sant Antoni,3 anys,620
Eixample,Sant Antoni,4 anys,644
Eixample,Sant Antoni,5 anys,877
Eixample,Sant Antoni,6 anys,850
Eixample,Sant Antoni,7 anys,807
Eixample,Sant Antoni,8 anys,764
Eixample,Sant Antoni,9 anys,659
Eixample,Sant Antoni,D'11 a 20 anys,5366
Eixample,Sant Antoni,Menys d'un any d'antiguitat,611
Eixample,Sant Antoni,Més de 20 anys,2601
Eixample,Sant Antoni,No consta,7
Eixample,el Fort Pienc,1 any,616
Eixample,el Fort Pienc,10 anys,480
Eixample,el Fort Pienc,2 anys,528
Eixample,el Fort Pienc,3 anys,573
Eixample,el Fort Pienc,4 anys,669
Eixample,el Fort Pienc,5 anys,836
Eixample,el Fort Pienc,6 anys,846
Eixample,el Fort Pienc,7 anys,727
Eixample,el Fort Pienc,8 anys,728
Eixample,el Fort Pienc,9 anys,594
Eixample,el Fort Pienc,D'11 a 20 anys,4915
Eixample,el Fort Pienc,Menys d'un any d'antiguitat,650
Eixample,el Fort Pienc,Més de 20 anys,2159
Eixample,l'Antiga Esquerra de l'Eixample,1 any,1162
Eixample,l'Antiga Esquerra de l'Eixample,10 anys,714
Eixample,l'Antiga Esquerra de l'Eixample,2 anys,957
Eixample,l'Antiga Esquerra de l'Eixample,3 anys,954
Eixample,l'Antiga Esquerra de l'Eixample,4 anys,973
Eixample,l'Antiga Esquerra de l'Eixample,5 anys,1189
Eixample,l'Antiga Esquerra de l'Eixample,6 anys,1135
Eixample,l'Antiga Esquerra de l'Eixample,7 anys,1134
Eixample,l'Antiga Esquerra de l'Eixample,8 anys,973
Eixample,l'Antiga Esquerra de l'Eixample,9 anys,921
Eixample,l'Antiga Esquerra de l'Eixample,D'11 a 20 anys,7079
Eixample,l'Antiga Esquerra de l'Eixample,Menys d'un any d'antiguitat,1471
Eixample,l'Antiga Esquerra de l'Eixample,Més de 20 anys,3777
Eixample,l'Antiga Esquerra de l'Eixample,No consta,9
Eixample,la Dreta de l'Eixample,1 any,1504
Eixample,la Dreta de l'Eixample,10 anys,895
Eixample,la Dreta de l'Eixample,2 anys,1356
Eixample,la Dreta de l'Eixample,3 anys,1337
Eixample,la Dreta de l'Eixample,4 anys,1599
Eixample,la Dreta de l'Eixample,5 anys,1510
Eixample,la Dreta de l'Eixample,6 anys,1544
Eixample,la Dreta de l'Eixample,7 anys,1483
Eixample,la Dreta de l'Eixample,8 anys,1365
Eixample,la Dreta de l'Eixample,9 anys,1121
Eixample,la Dreta de l'Eixample,D'11 a 20 anys,9177
Eixample,la Dreta de l'Eixample,Menys d'un any d'antiguitat,1574
Eixample,la Dreta de l'Eixample,Més de 20 anys,5167
Eixample,la Dreta de l'Eixample,No consta,8
Eixample,la Nova Esquerra de l'Eixample,1 any,1321
Eixample,la Nova Esquerra de l'Eixample,10 anys,960
Eixample,la Nova Esquerra de l'Eixample,2 anys,1112
Eixample,la Nova Esquerra de l'Eixample,3 anys,1180
Eixample,la Nova Esquerra de l'Eixample,4 anys,1307
Eixample,la Nova Esquerra de l'Eixample,5 anys,1606
Eixample,la Nova Esquerra de l'Eixample,6 anys,1567
Eixample,la Nova Esquerra de l'Eixample,7 anys,1416
Eixample,la Nova Esquerra de l'Eixample,8 anys,1520
Eixample,la Nova Esquerra de l'Eixample,9 anys,1520
Eixample,la Nova Esquerra de l'Eixample,D'11 a 20 anys,9286
Eixample,la Nova Esquerra de l'Eixample,Menys d'un any d'antiguitat,1473
Eixample,la Nova Esquerra de l'Eixample,Més de 20 anys,4400
Eixample,la Nova Esquerra de l'Eixample,No consta,5
Eixample,la Sagrada Família,1 any,981
Eixample,la Sagrada Família,10 anys,767
Eixample,la Sagrada Família,2 anys,926
Eixample,la Sagrada Família,3 anys,905
Eixample,la Sagrada Família,4 anys,1034
Eixample,la Sagrada Família,5 anys,1298
Eixample,la Sagrada Família,6 anys,1221
Eixample,la Sagrada Família,7 anys,1189
Eixample,la Sagrada Família,8 anys,1082
Eixample,la Sagrada Família,9 anys,954
Eixample,la Sagrada Família,D'11 a 20 anys,7425
Eixample,la Sagrada Família,Menys d'un any d'antiguitat,984
Eixample,la Sagrada Família,Més de 20 anys,3250
Eixample,la Sagrada Família,No consta,1
Gràcia,Vallcarca i els Penitents,1 any,382
Gràcia,Vallcarca i els Penitents,10 anys,315
Gràcia,Vallcarca i els Penitents,2 anys,384
Gràcia,Vallcarca i els Penitents,3 anys,409
Gràcia,Vallcarca i els Penitents,4 anys,437
Gràcia,Vallcarca i els Penitents,5 anys,538
Gràcia,Vallcarca i els Penitents,6 anys,530
Gràcia,Vallcarca i els Penitents,7 anys,504
Gràcia,Vallcarca i els Penitents,8 anys,412
Gràcia,Vallcarca i els Penitents,9 anys,374
Gràcia,Vallcarca i els Penitents,D'11 a 20 anys,3026
Gràcia,Vallcarca i els Penitents,Menys d'un any d'antiguitat,348
Gràcia,Vallcarca i els Penitents,Més de 20 anys,1520
Gràcia,Vallcarca i els Penitents,No consta,1
Gràcia,el Camp d'en Grassot i Gràcia Nova,1 any,704
Gràcia,el Camp d'en Grassot i Gràcia Nova,10 anys,522
Gràcia,el Camp d'en Grassot i Gràcia Nova,2 anys,586
Gràcia,el Camp d'en Grassot i Gràcia Nova,3 anys,664
Gràcia,el Camp d'en Grassot i Gràcia Nova,4 anys,750
Gràcia,el Camp d'en Grassot i Gràcia Nova,5 anys,958
Gràcia,el Camp d'en Grassot i Gràcia Nova,6 anys,892
Gràcia,el Camp d'en Grassot i Gràcia Nova,7 anys,909
Gràcia,el Camp d'en Grassot i Gràcia Nova,8 anys,765
Gràcia,el Camp d'en Grassot i Gràcia Nova,9 anys,694
Gràcia,el Camp d'en Grassot i Gràcia Nova,D'11 a 20 anys,5671
Gràcia,el Camp d'en Grassot i Gràcia Nova,Menys d'un any d'antiguitat,660
Gràcia,el Camp d'en Grassot i Gràcia Nova,Més de 20 anys,2497
Gràcia,el Camp d'en Grassot i Gràcia Nova,No consta,4
Gràcia,el Coll,1 any,169
Gràcia,el Coll,10 anys,124
Gràcia,el Coll,2 anys,142
Gràcia,el Coll,3 anys,163
Gràcia,el Coll,4 anys,148
Gràcia,el Coll,5 anys,230
Gràcia,el Coll,6 anys,223
Gràcia,el Coll,7 anys,222
Gràcia,el Coll,8 anys,161
Gràcia,el Coll,9 anys,156
Gràcia,el Coll,D'11 a 20 anys,1376
Gràcia,el Coll,Menys d'un any d'antiguitat,163
Gràcia,el Coll,Més de 20 anys,567
Gràcia,la Salut,1 any,283
Gràcia,la Salut,10 anys,229
Gràcia,la Salut,2 anys,234
Gràcia,la Salut,3 anys,284
Gràcia,la Salut,4 anys,347
Gràcia,la Salut,5 anys,377
Gràcia,la Salut,6 anys,388
Gràcia,la Salut,7 anys,392
Gràcia,la Salut,8 anys,359
Gràcia,la Salut,9 anys,296
Gràcia,la Salut,D'11 a 20 anys,2428
Gràcia,la Salut,Menys d'un any d'antiguitat,272
Gràcia,la Salut,Més de 20 anys,1145
Gràcia,la Vila de Gràcia,1 any,883
Gràcia,la Vila de Gràcia,10 anys,715
Gràcia,la Vila de Gràcia,2 anys,772
Gràcia,la Vila de Gràcia,3 anys,817
Gràcia,la Vila de Gràcia,4 anys,950
Gràcia,la Vila de Gràcia,5 anys,1142
Gràcia,la Vila de Gràcia,6 anys,1178
Gràcia,la Vila de Gràcia,7 anys,1054
Gràcia,la Vila de Gràcia,8 anys,1009
Gràcia,la Vila de Gràcia,9 anys,864
Gràcia,la Vila de Gràcia,D'11 a 20 anys,7508
Gràcia,la Vila de Gràcia,Menys d'un any d'antiguitat,811
Gràcia,la Vila de Gràcia,Més de 20 anys,4085
Gràcia,la Vila de Gràcia,No consta,2
Horta-Guinardó,Can Baró,1 any,206
Horta-Guinardó,Can Baró,10 anys,181
Horta-Guinardó,Can Baró,2 anys,176
Horta-Guinardó,Can Baró,3 anys,184
Horta-Guinardó,Can Baró,4 anys,227
Horta-Guinardó,Can Baró,5 anys,296
Horta-Guinardó,Can Baró,6 anys,289
Horta-Guinardó,Can Baró,7 anys,280
Horta-Guinardó,Can Baró,8 anys,226
Horta-Guinardó,Can Baró,9 anys,170
Horta-Guinardó,Can Baró,D'11 a 20 anys,1760
Horta-Guinardó,Can Baró,Menys d'un any d'antiguitat,191
Horta-Guinardó,Can Baró,Més de 20 anys,777
Horta-Guinardó,Horta,1 any,512
Horta-Guinardó,Horta,10 anys,445
Horta-Guinardó,Horta,2 anys,515
Horta-Guinardó,Horta,3 anys,522
Horta-Guinardó,Horta,4 anys,625
Horta-Guinardó,Horta,5 anys,799
Horta-Guinardó,Horta,6 anys,737
Horta-Guinardó,Horta,7 anys,763
Horta-Guinardó,Horta,8 anys,623
Horta-Guinardó,Horta,9 anys,572
Horta-Guinardó,Horta,D'11 a 20 anys,4573
Horta-Guinardó,Horta,Menys d'un any d'antiguitat,528
Horta-Guinardó,Horta,Més de 20 anys,1905
Horta-Guinardó,Horta,No consta,1
Horta-Guinardó,Montbau,1 any,98
Horta-Guinardó,Montbau,10 anys,80
Horta-Guinardó,Montbau,2 anys,98
Horta-Guinardó,Montbau,3 anys,85
Horta-Guinardó,Montbau,4 anys,133
Horta-Guinardó,Montbau,5 anys,144
Horta-Guinardó,Montbau,6 anys,155
Horta-Guinardó,Montbau,7 anys,122
Horta-Guinardó,Montbau,8 anys,99
Horta-Guinardó,Montbau,9 anys,94
Horta-Guinardó,Montbau,D'11 a 20 anys,883
Horta-Guinardó,Montbau,Menys d'un any d'antiguitat,78
Horta-Guinardó,Montbau,Més de 20 anys,339
Horta-Guinardó,Sant Genís dels Agudells,1 any,165
Horta-Guinardó,Sant Genís dels Agudells,10 anys,92
Horta-Guinardó,Sant Genís dels Agudells,2 anys,130
Horta-Guinardó,Sant Genís dels Agudells,3 anys,134
Horta-Guinardó,Sant Genís dels Agudells,4 anys,168
Horta-Guinardó,Sant Genís dels Agudells,5 anys,219
Horta-Guinardó,Sant Genís dels Agudells,6 anys,187
Horta-Guinardó,Sant Genís dels Agudells,7 anys,193
Horta-Guinardó,Sant Genís dels Agudells,8 anys,175
Horta-Guinardó,Sant Genís dels Agudells,9 anys,165
Horta-Guinardó,Sant Genís dels Agudells,D'11 a 20 anys,1249
Horta-Guinardó,Sant Genís dels Agudells,Menys d'un any d'antiguitat,117
Horta-Guinardó,Sant Genís dels Agudells,Més de 20 anys,492
Horta-Guinardó,el Baix Guinardó,1 any,468
Horta-Guinardó,el Baix Guinardó,10 anys,389
Horta-Guinardó,el Baix Guinardó,2 anys,420
Horta-Guinardó,el Baix Guinardó,3 anys,470
Horta-Guinardó,el Baix Guinardó,4 anys,506
Horta-Guinardó,el Baix Guinardó,5 anys,649
Horta-Guinardó,el Baix Guinardó,6 anys,606
Horta-Guinardó,el Baix Guinardó,7 anys,624
Horta-Guinardó,el Baix Guinardó,8 anys,554
Horta-Guinardó,el Baix Guinardó,9 anys,512
Horta-Guinardó,el Baix Guinardó,D'11 a 20 anys,4008
Horta-Guinardó,el Baix Guinardó,Menys d'un any d'antiguitat,484
Horta-Guinardó,el Baix Guinardó,Més de 20 anys,1845
Horta-Guinardó,el Baix Guinardó,No consta,1
Horta-Guinardó,el Carmel,1 any,553
Horta-Guinardó,el Carmel,10 anys,451
Horta-Guinardó,el Carmel,2 anys,500
Horta-Guinardó,el Carmel,3 anys,602
Horta-Guinardó,el Carmel,4 anys,652
Horta-Guinardó,el Carmel,5 anys,872
Horta-Guinardó,el Carmel,6 anys,846
Horta-Guinardó,el Carmel,7 anys,783
Horta-Guinardó,el Carmel,8 anys,675
Horta-Guinardó,el Carmel,9 anys,594
Horta-Guinardó,el Carmel,D'11 a 20 anys,5529
Horta-Guinardó,el Carmel,Menys d'un any d'antiguitat,510
Horta-Guinardó,el Carmel,Més de 20 anys,2326
Horta-Guinardó,el Carmel,No consta,1
Horta-Guinardó,el Guinardó,1 any,745
Horta-Guinardó,el Guinardó,10 anys,532
Horta-Guinardó,el Guinardó,2 anys,659
Horta-Guinardó,el Guinardó,3 anys,690
Horta-Guinardó,el Guinardó,4 anys,820
Horta-Guinardó,el Guinardó,5 anys,1069
Horta-Guinardó,el Guinardó,6 anys,953
Horta-Guinardó,el Guinardó,7 anys,941
Horta-Guinardó,el Guinardó,8 anys,812
Horta-Guinardó,el Guinardó,9 anys,735
Horta-Guinardó,el Guinardó,D'11 a 20 anys,6084
Horta-Guinardó,el Guinardó,Menys d'un any d'antiguitat,721
Horta-Guinardó,el Guinardó,Més de 20 anys,2519
Horta-Guinardó,el Guinardó,No consta,2
Horta-Guinardó,la Clota,1 any,18
Horta-Guinardó,la Clota,10 anys,11
Horta-Guinardó,la Clota,2 anys,14
Horta-Guinardó,la Clota,3 anys,25
Horta-Guinardó,la Clota,4 anys,24
Horta-Guinardó,la Clota,5 anys,33
Horta-Guinardó,la Clota,6 anys,25
Horta-Guinardó,la Clota,7 anys,35
Horta-Guinardó,la Clota,8 anys,25
Horta-Guinardó,la Clota,9 anys,24
Horta-Guinardó,la Clota,D'11 a 20 anys,158
Horta-Guinardó,la Clota,Menys d'un any d'antiguitat,26
Horta-Guinardó,la Clota,Més de 20 anys,52
Horta-Guinardó,la Clota,No consta,2
Horta-Guinardó,la Font d'en Fargues,1 any,251
Horta-Guinardó,la Font d'en Fargues,10 anys,219
Horta-Guinardó,la Font d'en Fargues,2 anys,201
Horta-Guinardó,la Font d'en Fargues,3 anys,254
Horta-Guinardó,la Font d'en Fargues,4 anys,263
Horta-Guinardó,la Font d'en Fargues,5 anys,359
Horta-Guinardó,la Font d'en Fargues,6 anys,312
Horta-Guinardó,la Font d'en Fargues,7 anys,324
Horta-Guinardó,la Font d'en Fargues,8 anys,280
Horta-Guinardó,la Font d'en Fargues,9 anys,243
Horta-Guinardó,la Font d'en Fargues,D'11 a 20 anys,2071
Horta-Guinardó,la Font d'en Fargues,Menys d'un any d'antiguitat,243
Horta-Guinardó,la Font d'en Fargues,Més de 20 anys,891
Horta-Guinardó,la Font d'en Fargues,No consta,2
Horta-Guinardó,la Teixonera,1 any,259
Horta-Guinardó,la Teixonera,10 anys,196
Horta-Guinardó,la Teixonera,2 anys,202
Horta-Guinardó,la Teixonera,3 anys,242
Horta-Guinardó,la Teixonera,4 anys,302
Horta-Guinardó,la Teixonera,5 anys,369
Horta-Guinardó,la Teixonera,6 anys,343
Horta-Guinardó,la Teixonera,7 anys,297
Horta-Guinardó,la Teixonera,8 anys,289
Horta-Guinardó,la Teixonera,9 anys,269
Horta-Guinardó,la Teixonera,D'11 a 20 anys,2036
Horta-Guinardó,la Teixonera,Menys d'un any d'antiguitat,226
Horta-Guinardó,la Teixonera,Més de 20 anys,901
Horta-Guinardó,la Vall d'Hebron,1 any,138
Horta-Guinardó,la Vall d'Hebron,10 anys,88
Horta-Guinardó,la Vall d'Hebron,2 anys,105
Horta-Guinardó,la Vall d'Hebron,3 anys,133
Horta-Guinardó,la Vall d'Hebron,4 anys,144
Horta-Guinardó,la Vall d'Hebron,5 anys,199
Horta-Guinardó,la Vall d'Hebron,6 anys,164
Horta-Guinardó,la Vall d'Hebron,7 anys,192
Horta-Guinardó,la Vall d'Hebron,8 anys,153
Horta-Guinardó,la Vall d'Hebron,9 anys,137
Horta-Guinardó,la Vall d'Hebron,D'11 a 20 anys,998
Horta-Guinardó,la Vall d'Hebron,Menys d'un any d'antiguitat,112
Horta-Guinardó,la Vall d'Hebron,Més de 20 anys,386
Les Corts,Pedralbes,1 any,421
Les Corts,Pedralbes,10 anys,305
Les Corts,Pedralbes,2 anys,386
Les Corts,Pedralbes,3 anys,403
Les Corts,Pedralbes,4 anys,432
Les Corts,Pedralbes,5 anys,520
Les Corts,Pedralbes,6 anys,526
Les Corts,Pedralbes,7 anys,501
Les Corts,Pedralbes,8 anys,449
Les Corts,Pedralbes,9 anys,385
Les Corts,Pedralbes,D'11 a 20 anys,2772
Les Corts,Pedralbes,Menys d'un any d'antiguitat,428
Les Corts,Pedralbes,Més de 20 anys,1892
Les Corts,Pedralbes,No consta,3
Les Corts,la Maternitat i Sant Ramon,1 any,506
Les Corts,la Maternitat i Sant Ramon,10 anys,447
Les Corts,la Maternitat i Sant Ramon,2 anys,489
Les Corts,la Maternitat i Sant Ramon,3 anys,485
Les Corts,la Maternitat i Sant Ramon,4 anys,600
Les Corts,la Maternitat i Sant Ramon,5 anys,761
Les Corts,la Maternitat i Sant Ramon,6 anys,715
Les Corts,la Maternitat i Sant Ramon,7 anys,691
Les Corts,la Maternitat i Sant Ramon,8 anys,621
Les Corts,la Maternitat i Sant Ramon,9 anys,560
Les Corts,la Maternitat i Sant Ramon,D'11 a 20 anys,4446
Les Corts,la Maternitat i Sant Ramon,Menys d'un any d'antiguitat,593
Les Corts,la Maternitat i Sant Ramon,Més de 20 anys,2095
Les Corts,la Maternitat i Sant Ramon,No consta,3
Les Corts,les Corts,1 any,1267
Les Corts,les Corts,10 anys,918
Les Corts,les Corts,2 anys,1055
Les Corts,les Corts,3 anys,1155
Les Corts,les Corts,4 anys,1211
Les Corts,les Corts,5 anys,1519
Les Corts,les Corts,6 anys,1676
Les Corts,les Corts,7 anys,1558
Les Corts,les Corts,8 anys,1282
Les Corts,les Corts,9 anys,1156
Les Corts,les Corts,D'11 a 20 anys,8521
Les Corts,les Corts,Menys d'un any d'antiguitat,2176
Les Corts,les Corts,Més de 20 anys,4078
Les Corts,les Corts,No consta,3
Nou Barris,Can Peguera,1 any,38
Nou Barris,Can Peguera,10 anys,23
Nou Barris,Can Peguera,2 anys,31
Nou Barris,Can Peguera,3 anys,33
Nou Barris,Can Peguera,4 anys,39
Nou Barris,Can Peguera,5 anys,46
Nou Barris,Can Peguera,6 anys,61
Nou Barris,Can Peguera,7 anys,48
Nou Barris,Can Peguera,8 anys,37
Nou Barris,Can Peguera,9 anys,36
Nou Barris,Can Peguera,D'11 a 20 anys,383
Nou Barris,Can Peguera,Menys d'un any d'antiguitat,39
Nou Barris,Can Peguera,Més de 20 anys,156
Nou Barris,Canyelles,1 any,146
Nou Barris,Canyelles,10 anys,132
Nou Barris,Canyelles,2 anys,114
Nou Barris,Canyelles,3 anys,151
Nou Barris,Canyelles,4 anys,143
Nou Barris,Canyelles,5 anys,235
Nou Barris,Canyelles,6 anys,229
Nou Barris,Canyelles,7 anys,206
Nou Barris,Canyelles,8 anys,182
Nou Barris,Canyelles,9 anys,173
Nou Barris,Canyelles,D'11 a 20 anys,1294
Nou Barris,Canyelles,Menys d'un any d'antiguitat,122
Nou Barris,Canyelles,Més de 20 anys,519
Nou Barris,Ciutat Meridiana,1 any,122
Nou Barris,Ciutat Meridiana,10 anys,101
Nou Barris,Ciutat Meridiana,2 anys,112
Nou Barris,Ciutat Meridiana,3 anys,134
Nou Barris,Ciutat Meridiana,4 anys,155
Nou Barris,Ciutat Meridiana,5 anys,194
Nou Barris,Ciutat Meridiana,6 anys,192
Nou Barris,Ciutat Meridiana,7 anys,182
Nou Barris,Ciutat Meridiana,8 anys,165
Nou Barris,Ciutat Meridiana,9 anys,150
Nou Barris,Ciutat Meridiana,D'11 a 20 anys,1530
Nou Barris,Ciutat Meridiana,Menys d'un any d'antiguitat,111
Nou Barris,Ciutat Meridiana,Més de 20 anys,684
Nou Barris,Ciutat Meridiana,No consta,2
Nou Barris,Porta,1 any,424
Nou Barris,Porta,10 anys,342
Nou Barris,Porta,2 anys,351
Nou Barris,Porta,3 anys,372
Nou Barris,Porta,4 anys,477
Nou Barris,Porta,5 anys,643
Nou Barris,Porta,6 anys,614
Nou Barris,Porta,7 anys,522
Nou Barris,Porta,8 anys,452
Nou Barris,Porta,9 anys,423
Nou Barris,Porta,D'11 a 20 anys,3665
Nou Barris,Porta,Menys d'un any d'antiguitat,371
Nou Barris,Porta,Més de 20 anys,1514
Nou Barris,Porta,No consta,2
Nou Barris,Torre Baró,1 any,58
Nou Barris,Torre Baró,10 anys,42
Nou Barris,Torre Baró,2 anys,39
Nou Barris,Torre Baró,3 anys,46
Nou Barris,Torre Baró,4 anys,62
Nou Barris,Torre Baró,5 anys,76
Nou Barris,Torre Baró,6 anys,68
Nou Barris,Torre Baró,7 anys,75
Nou Barris,Torre Baró,8 anys,59
Nou Barris,Torre Baró,9 anys,41
Nou Barris,Torre Baró,D'11 a 20 anys,595
Nou Barris,Torre Baró,Menys d'un any d'antiguitat,45
Nou Barris,Torre Baró,Més de 20 anys,349
Nou Barris,Vallbona,1 any,26
Nou Barris,Vallbona,10 anys,18
Nou Barris,Vallbona,2 anys,25
Nou Barris,Vallbona,3 anys,13
Nou Barris,Vallbona,4 anys,24
Nou Barris,Vallbona,5 anys,40
Nou Barris,Vallbona,6 anys,36
Nou Barris,Vallbona,7 anys,39
Nou Barris,Vallbona,8 anys,29
Nou Barris,Vallbona,9 anys,18
Nou Barris,Vallbona,D'11 a 20 anys,323
Nou Barris,Vallbona,Menys d'un any d'antiguitat,30
Nou Barris,Vallbona,Més de 20 anys,174
Nou Barris,Verdun,1 any,176
Nou Barris,Verdun,10 anys,137
Nou Barris,Verdun,2 anys,173
Nou Barris,Verdun,3 anys,192
Nou Barris,Verdun,4 anys,212
Nou Barris,Verdun,5 anys,285
Nou Barris,Verdun,6 anys,281
Nou Barris,Verdun,7 anys,251
Nou Barris,Verdun,8 anys,228
Nou Barris,Verdun,9 anys,193
Nou Barris,Verdun,D'11 a 20 anys,1824
Nou Barris,Verdun,Menys d'un any d'antiguitat,172
Nou Barris,Verdun,Més de 20 anys,828
Nou Barris,Vilapicina i la Torre Llobeta,1 any,458
Nou Barris,Vilapicina i la Torre Llobeta,10 anys,374
Nou Barris,Vilapicina i la Torre Llobeta,2 anys,418
Nou Barris,Vilapicina i la Torre Llobeta,3 anys,456
Nou Barris,Vilapicina i la Torre Llobeta,4 anys,522
Nou Barris,Vilapicina i la Torre Llobeta,5 anys,683
Nou Barris,Vilapicina i la Torre Llobeta,6 anys,642
Nou Barris,Vilapicina i la Torre Llobeta,7 anys,602
Nou Barris,Vilapicina i la Torre Llobeta,8 anys,570
Nou Barris,Vilapicina i la Torre Llobeta,9 anys,479
Nou Barris,Vilapicina i la Torre Llobeta,D'11 a 20 anys,3862
Nou Barris,Vilapicina i la Torre Llobeta,Menys d'un any d'antiguitat,453
Nou Barris,Vilapicina i la Torre Llobeta,Més de 20 anys,1481
Nou Barris,Vilapicina i la Torre Llobeta,No consta,1
Nou Barris,el Turó de la Peira,1 any,237
Nou Barris,el Turó de la Peira,10 anys,179
Nou Barris,el Turó de la Peira,2 anys,236
Nou Barris,el Turó de la Peira,3 anys,265
Nou Barris,el Turó de la Peira,4 anys,286
Nou Barris,el Turó de la Peira,5 anys,365
Nou Barris,el Turó de la Peira,6 anys,374
Nou Barris,el Turó de la Peira,7 anys,344
Nou Barris,el Turó de la Peira,8 anys,268
Nou Barris,el Turó de la Peira,9 anys,214
Nou Barris,el Turó de la Peira,D'11 a 20 anys,2091
Nou Barris,el Turó de la Peira,Menys d'un any d'antiguitat,245
Nou Barris,el Turó de la Peira,Més de 20 anys,789
Nou Barris,el Turó de la Peira,No consta,1
Nou Barris,la Guineueta,1 any,302
Nou Barris,la Guineueta,10 anys,245
Nou Barris,la Guineueta,2 anys,250
Nou Barris,la Guineueta,3 anys,283
Nou Barris,la Guineueta,4 anys,374
Nou Barris,la Guineueta,5 anys,435
Nou Barris,la Guineueta,6 anys,396
Nou Barris,la Guineueta,7 anys,385
Nou Barris,la Guineueta,8 anys,335
Nou Barris,la Guineueta,9 anys,297
Nou Barris,la Guineueta,D'11 a 20 anys,2445
Nou Barris,la Guineueta,Menys d'un any d'antiguitat,377
Nou Barris,la Guineueta,Més de 20 anys,920
Nou Barris,la Prosperitat,1 any,468
Nou Barris,la Prosperitat,10 anys,349
Nou Barris,la Prosperitat,2 anys,362
Nou Barris,la Prosperitat,3 anys,411
Nou Barris,la Prosperitat,4 anys,524
Nou Barris,la Prosperitat,5 anys,681
Nou Barris,la Prosperitat,6 anys,661
Nou Barris,la Prosperitat,7 anys,605
Nou Barris,la Prosperitat,8 anys,523
Nou Barris,la Prosperitat,9 anys,456
Nou Barris,la Prosperitat,D'11 a 20 anys,4014
Nou Barris,la Prosperitat,Menys d'un any d'antiguitat,394
Nou Barris,la Prosperitat,Més de 20 anys,1712
Nou Barris,la Prosperitat,No consta,1
Nou Barris,la Trinitat Nova,1 any,102
Nou Barris,la Trinitat Nova,10 anys,82
Nou Barris,la Trinitat Nova,2 anys,87
Nou Barris,la Trinitat Nova,3 anys,113
Nou Barris,la Trinitat Nova,4 anys,108
Nou Barris,la Trinitat Nova,5 anys,183
Nou Barris,la Trinitat Nova,6 anys,182
Nou Barris,la Trinitat Nova,7 anys,146
Nou Barris,la Trinitat Nova,8 anys,135
Nou Barris,la Trinitat Nova,9 anys,113
Nou Barris,la Trinitat Nova,D'11 a 20 anys,1190
Nou Barris,la Trinitat Nova,Menys d'un any d'antiguitat,102
Nou Barris,la Trinitat Nova,Més de 20 anys,486
Nou Barris,les Roquetes,1 any,230
Nou Barris,les Roquetes,10 anys,214
Nou Barris,les Roquetes,2 anys,203
Nou Barris,les Roquetes,3 anys,226
Nou Barris,les Roquetes,4 anys,299
Nou Barris,les Roquetes,5 anys,407
Nou Barris,les Roquetes,6 anys,346
Nou Barris,les Roquetes,7 anys,339
Nou Barris,les Roquetes,8 anys,258
Nou Barris,les Roquetes,9 anys,268
Nou Barris,les Roquetes,D'11 a 20 anys,2604
Nou Barris,les Roquetes,Menys d'un any d'antiguitat,241
Nou Barris,les Roquetes,Més de 20 anys,1214
Sant Andreu,Baró de Viver,1 any,38
Sant Andreu,Baró de Viver,10 anys,28
Sant Andreu,Baró de Viver,2 anys,39
Sant Andreu,Baró de Viver,3 anys,43
Sant Andreu,Baró de Viver,4 anys,41
Sant Andreu,Baró de Viver,5 anys,56
Sant Andreu,Baró de Viver,6 anys,64
Sant Andreu,Baró de Viver,7 anys,74
Sant Andreu,Baró de Viver,8 anys,59
Sant Andreu,Baró de Viver,9 anys,46
Sant Andreu,Baró de Viver,D'11 a 20 anys,455
Sant Andreu,Baró de Viver,Menys d'un any d'antiguitat,33
Sant Andreu,Baró de Viver,Més de 20 anys,157
Sant Andreu,Navas,1 any,370
Sant Andreu,Navas,10 anys,327
Sant Andreu,Navas,2 anys,367
Sant Andreu,Navas,3 anys,390
Sant Andreu,Navas,4 anys,420
Sant Andreu,Navas,5 anys,634
Sant Andreu,Navas,6 anys,569
Sant Andreu,Navas,7 anys,566
Sant Andreu,Navas,8 anys,476
Sant Andreu,Navas,9 anys,413
Sant Andreu,Navas,D'11 a 20 anys,3360
Sant Andreu,Navas,Menys d'un any d'antiguitat,371
Sant Andreu,Navas,Més de 20 anys,1439
Sant Andreu,Navas,No consta,3
Sant Andreu,Sant Andreu,1 any,1087
Sant Andreu,Sant Andreu,10 anys,950
Sant Andreu,Sant Andreu,2 anys,1028
Sant Andreu,Sant Andreu,3 anys,1060
Sant Andreu,Sant Andreu,4 anys,1304
Sant Andreu,Sant Andreu,5 anys,1630
Sant Andreu,Sant Andreu,6 anys,1678
Sant Andreu,Sant Andreu,7 anys,1531
Sant Andreu,Sant Andreu,8 anys,1295
Sant Andreu,Sant Andreu,9 anys,1220
Sant Andreu,Sant Andreu,D'11 a 20 anys,9265
Sant Andreu,Sant Andreu,Menys d'un any d'antiguitat,1062
Sant Andreu,Sant Andreu,Més de 20 anys,3391
Sant Andreu,Sant Andreu,No consta,1
Sant Andreu,el Bon Pastor,1 any,549
Sant Andreu,el Bon Pastor,10 anys,245
Sant Andreu,el Bon Pastor,2 anys,630
Sant Andreu,el Bon Pastor,3 anys,302
Sant Andreu,el Bon Pastor,4 anys,561
Sant Andreu,el Bon Pastor,5 anys,810
Sant Andreu,el Bon Pastor,6 anys,436
Sant Andreu,el Bon Pastor,7 anys,397
Sant Andreu,el Bon Pastor,8 anys,327
Sant Andreu,el Bon Pastor,9 anys,310
Sant Andreu,el Bon Pastor,D'11 a 20 anys,2532
Sant Andreu,el Bon Pastor,Menys d'un any d'antiguitat,606
Sant Andreu,el Bon Pastor,Més de 20 anys,874
Sant Andreu,el Congrés i els Indians,1 any,207
Sant Andreu,el Congrés i els Indians,10 anys,187
Sant Andreu,el Congrés i els Indians,2 anys,212
Sant Andreu,el Congrés i els Indians,3 anys,280
Sant Andreu,el Congrés i els Indians,4 anys,297
Sant Andreu,el Congrés i els Indians,5 anys,361
Sant Andreu,el Congrés i els Indians,6 anys,346
Sant Andreu,el Congrés i els Indians,7 anys,309
Sant Andreu,el Congrés i els Indians,8 anys,324
Sant Andreu,el Congrés i els Indians,9 anys,223
Sant Andreu,el Congrés i els Indians,D'11 a 20 anys,2154
Sant Andreu,el Congrés i els Indians,Menys d'un any d'antiguitat,243
Sant Andreu,el Congrés i els Indians,Més de 20 anys,869
Sant Andreu,la Sagrera,1 any,523
Sant Andreu,la Sagrera,10 anys,437
Sant Andreu,la Sagrera,2 anys,471
Sant Andreu,la Sagrera,3 anys,520
Sant Andreu,la Sagrera,4 anys,535
Sant Andreu,la Sagrera,5 anys,849
Sant Andreu,la Sagrera,6 anys,749
Sant Andreu,la Sagrera,7 anys,653
Sant Andreu,la Sagrera,8 anys,664
Sant Andreu,la Sagrera,9 anys,565
Sant Andreu,la Sagrera,D'11 a 20 anys,4319
Sant Andreu,la Sagrera,Menys d'un any d'antiguitat,453
Sant Andreu,la Sagrera,Més de 20 anys,1746
Sant Andreu,la Trinitat Vella,1 any,138
Sant Andreu,la Trinitat Vella,10 anys,121
Sant Andreu,la Trinitat Vella,2 anys,150
Sant Andreu,la Trinitat Vella,3 anys,160
Sant Andreu,la Trinitat Vella,4 anys,207
Sant Andreu,la Trinitat Vella,5 anys,266
Sant Andreu,la Trinitat Vella,6 anys,259
Sant Andreu,la Trinitat Vella,7 anys,200
Sant Andreu,la Trinitat Vella,8 anys,168
Sant Andreu,la Trinitat Vella,9 anys,166
Sant Andreu,la Trinitat Vella,D'11 a 20 anys,1569
Sant Andreu,la Trinitat Vella,Menys d'un any d'antiguitat,132
Sant Andreu,la Trinitat Vella,Més de 20 anys,703
Sant Martí,Diagonal Mar i el Front Marítim del Poblenou,1 any,353
Sant Martí,Diagonal Mar i el Front Marítim del Poblenou,10 anys,241
Sant Martí,Diagonal Mar i el Front Marítim del Poblenou,2 anys,295
Sant Martí,Diagonal Mar i el Front Marítim del Poblenou,3 anys,324
Sant Martí,Diagonal Mar i el Front Marítim del Poblenou,4 anys,319
Sant Martí,Diagonal Mar i el Front Marítim del Poblenou,5 anys,396
Sant Martí,Diagonal Mar i el Front Marítim del Poblenou,6 anys,384
Sant Martí,Diagonal Mar i el Front Marítim del Poblenou,7 anys,389
Sant Martí,Diagonal Mar i el Front Marítim del Poblenou,8 anys,358
Sant Martí,Diagonal Mar i el Front Marítim del Poblenou,9 anys,300
Sant Martí,Diagonal Mar i el Front Marítim del Poblenou,D'11 a 20 anys,2109
Sant Martí,Diagonal Mar i el Front Marítim del Poblenou,Menys d'un any d'antiguitat,325
Sant Martí,Diagonal Mar i el Front Marítim del Poblenou,Més de 20 anys,612
Sant Martí,Diagonal Mar i el Front Marítim del Poblenou,No consta,1
Sant Martí,Provençals del Poblenou,1 any,538
Sant Martí,Provençals del Poblenou,10 anys,354
Sant Martí,Provençals del Poblenou,2 anys,469
Sant Martí,Provençals del Poblenou,3 anys,502
Sant Martí,Provençals del Poblenou,4 anys,484
Sant Martí,Provençals del Poblenou,5 anys,769
Sant Martí,Provençals del Poblenou,6 anys,661
Sant Martí,Provençals del Poblenou,7 anys,649
Sant Martí,Provençals del Poblenou,8 anys,536
Sant Martí,Provençals del Poblenou,9 anys,533
Sant Martí,Provençals del Poblenou,D'11 a 20 anys,3444
Sant Martí,Provençals del Poblenou,Menys d'un any d'antiguitat,558
Sant Martí,Provençals del Poblenou,Més de 20 anys,1410
Sant Martí,Provençals del Poblenou,No consta,1
Sant Martí,Sant Martí de Provençals,1 any,483
Sant Martí,Sant Martí de Provençals,10 anys,410
Sant Martí,Sant Martí de Provençals,2 anys,393
Sant Martí,Sant Martí de Provençals,3 anys,476
Sant Martí,Sant Martí de Provençals,4 anys,559
Sant Martí,Sant Martí de Provençals,5 anys,708
Sant Martí,Sant Martí de Provençals,6 anys,702
Sant Martí,Sant Martí de Provençals,7 anys,657
Sant Martí,Sant Martí de Provençals,8 anys,569
Sant Martí,Sant Martí de Provençals,9 anys,478
Sant Martí,Sant Martí de Provençals,D'11 a 20 anys,4078
Sant Martí,Sant Martí de Provençals,Menys d'un any d'antiguitat,594
Sant Martí,Sant Martí de Provençals,Més de 20 anys,1642
Sant Martí,Sant Martí de Provençals,No consta,2
Sant Martí,el Besòs i el Maresme,1 any,385
Sant Martí,el Besòs i el Maresme,10 anys,267
Sant Martí,el Besòs i el Maresme,2 anys,320
Sant Martí,el Besòs i el Maresme,3 anys,380
Sant Martí,el Besòs i el Maresme,4 anys,406
Sant Martí,el Besòs i el Maresme,5 anys,523
Sant Martí,el Besòs i el Maresme,6 anys,529
Sant Martí,el Besòs i el Maresme,7 anys,493
Sant Martí,el Besòs i el Maresme,8 anys,408
Sant Martí,el Besòs i el Maresme,9 anys,342
Sant Martí,el Besòs i el Maresme,D'11 a 20 anys,3270
Sant Martí,el Besòs i el Maresme,Menys d'un any d'antiguitat,346
Sant Martí,el Besòs i el Maresme,Més de 20 anys,1465
Sant Martí,el Camp de l'Arpa del Clot,1 any,683
Sant Martí,el Camp de l'Arpa del Clot,10 anys,497
Sant Martí,el Camp de l'Arpa del Clot,2 anys,600
Sant Martí,el Camp de l'Arpa del Clot,3 anys,690
Sant Martí,el Camp de l'Arpa del Clot,4 anys,738
Sant Martí,el Camp de l'Arpa del Clot,5 anys,989
Sant Martí,el Camp de l'Arpa del Clot,6 anys,900
Sant Martí,el Camp de l'Arpa del Clot,7 anys,895
Sant Martí,el Camp de l'Arpa del Clot,8 anys,819
Sant Martí,el Camp de l'Arpa del Clot,9 anys,664
Sant Martí,el Camp de l'Arpa del Clot,D'11 a 20 anys,5625
Sant Martí,el Camp de l'Arpa del Clot,Menys d'un any d'antiguitat,623
Sant Martí,el Camp de l'Arpa del Clot,Més de 20 anys,2554
Sant Martí,el Camp de l'Arpa del Clot,No consta,4
Sant Martí,el Clot,1 any,562
Sant Martí,el Clot,10 anys,384
Sant Martí,el Clot,2 anys,455
Sant Martí,el Clot,3 anys,518
Sant Martí,el Clot,4 anys,553
Sant Martí,el Clot,5 anys,699
Sant Martí,el Clot,6 anys,686
Sant Martí,el Clot,7 anys,713
Sant Martí,el Clot,8 anys,622
Sant Martí,el Clot,9 anys,530
Sant Martí,el Clot,D'11 a 20 anys,4080
Sant Martí,el Clot,Menys d'un any d'antiguitat,563
Sant Martí,el Clot,Més de 20 anys,1578
Sant Martí,el Clot,No consta,1
Sant Martí,el Parc i la Llacuna del Poblenou,1 any,409
Sant Martí,el Parc i la Llacuna del Poblenou,10 anys,276
Sant Martí,el Parc i la Llacuna del Poblenou,2 anys,345
Sant Martí,el Parc i la Llacuna del Poblenou,3 anys,340
Sant Martí,el Parc i la Llacuna del Poblenou,4 anys,1479
Sant Martí,el Parc i la Llacuna del Poblenou,5 anys,851
Sant Martí,el Parc i la Llacuna del Poblenou,6 anys,434
Sant Martí,el Parc i la Llacuna del Poblenou,7 anys,401
Sant Martí,el Parc i la Llacuna del Poblenou,8 anys,454
Sant Martí,el Parc i la Llacuna del Poblenou,9 anys,374
Sant Martí,el Parc i la Llacuna del Poblenou,D'11 a 20 anys,2720
Sant Martí,el Parc i la Llacuna del Poblenou,Menys d'un any d'antiguitat,444
Sant Martí,el Parc i la Llacuna del Poblenou,Més de 20 anys,1246
Sant Martí,el Parc i la Llacuna del Poblenou,No consta,1
Sant Martí,el Poblenou,1 any,728
Sant Martí,el Poblenou,10 anys,513
Sant Martí,el Poblenou,2 anys,660
Sant Martí,el Poblenou,3 anys,774
Sant Martí,el Poblenou,4 anys,1311
Sant Martí,el Poblenou,5 anys,994
Sant Martí,el Poblenou,6 anys,942
Sant Martí,el Poblenou,7 anys,896
Sant Martí,el Poblenou,8 anys,780
Sant Martí,el Poblenou,9 anys,653
Sant Martí,el Poblenou,D'11 a 20 anys,5359
Sant Martí,el Poblenou,Menys d'un any d'antiguitat,686
Sant Martí,el Poblenou,Més de 20 anys,2099
Sant Martí,el Poblenou,No consta,1
Sant Martí,la Verneda i la Pau,1 any,640
Sant Martí,la Verneda i la Pau,10 anys,470
Sant Martí,la Verneda i la Pau,2 anys,490
Sant Martí,la Verneda i la Pau,3 anys,531
Sant Martí,la Verneda i la Pau,4 anys,584
Sant Martí,la Verneda i la Pau,5 anys,853
Sant Martí,la Verneda i la Pau,6 anys,799
Sant Martí,la Verneda i la Pau,7 anys,721
Sant Martí,la Verneda i la Pau,8 anys,659
Sant Martí,la Verneda i la Pau,9 anys,542
Sant Martí,la Verneda i la Pau,D'11 a 20 anys,4707
Sant Martí,la Verneda i la Pau,Menys d'un any d'antiguitat,510
Sant Martí,la Verneda i la Pau,Més de 20 anys,1857
Sant Martí,la Verneda i la Pau,No consta,1
Sant Martí,la Vila Olímpica del Poblenou,1 any,277
Sant Martí,la Vila Olímpica del Poblenou,10 anys,186
Sant Martí,la Vila Olímpica del Poblenou,2 anys,251
Sant Martí,la Vila Olímpica del Poblenou,3 anys,241
Sant Martí,la Vila Olímpica del Poblenou,4 anys,301
Sant Martí,la Vila Olímpica del Poblenou,5 anys,352
Sant Martí,la Vila Olímpica del Poblenou,6 anys,321
Sant Martí,la Vila Olímpica del Poblenou,7 anys,313
Sant Martí,la Vila Olímpica del Poblenou,8 anys,306
Sant Martí,la Vila Olímpica del Poblenou,9 anys,232
Sant Martí,la Vila Olímpica del Poblenou,D'11 a 20 anys,1857
Sant Martí,la Vila Olímpica del Poblenou,Menys d'un any d'antiguitat,270
Sant Martí,la Vila Olímpica del Poblenou,Més de 20 anys,718
Sants-Montjuïc,Hostafrancs,1 any,219
Sants-Montjuïc,Hostafrancs,10 anys,202
Sants-Montjuïc,Hostafrancs,2 anys,237
Sants-Montjuïc,Hostafrancs,3 anys,255
Sants-Montjuïc,Hostafrancs,4 anys,254
Sants-Montjuïc,Hostafrancs,5 anys,372
Sants-Montjuïc,Hostafrancs,6 anys,369
Sants-Montjuïc,Hostafrancs,7 anys,310
Sants-Montjuïc,Hostafrancs,8 anys,279
Sants-Montjuïc,Hostafrancs,9 anys,289
Sants-Montjuïc,Hostafrancs,D'11 a 20 anys,2372
Sants-Montjuïc,Hostafrancs,Menys d'un any d'antiguitat,270
Sants-Montjuïc,Hostafrancs,Més de 20 anys,1114
Sants-Montjuïc,Sants,1 any,679
Sants-Montjuïc,Sants,10 anys,575
Sants-Montjuïc,Sants,2 anys,594
Sants-Montjuïc,Sants,3 anys,705
Sants-Montjuïc,Sants,4 anys,798
Sants-Montjuïc,Sants,5 anys,1000
Sants-Montjuïc,Sants,6 anys,931
Sants-Montjuïc,Sants,7 anys,911
Sants-Montjuïc,Sants,8 anys,817
Sants-Montjuïc,Sants,9 anys,723
Sants-Montjuïc,Sants,D'11 a 20 anys,5978
Sants-Montjuïc,Sants,Menys d'un any d'antiguitat,626
Sants-Montjuïc,Sants,Més de 20 anys,2728
Sants-Montjuïc,Sants,No consta,2
Sants-Montjuïc,Sants - Badal,1 any,376
Sants-Montjuïc,Sants - Badal,10 anys,302
Sants-Montjuïc,Sants - Badal,2 anys,359
Sants-Montjuïc,Sants - Badal,3 anys,393
Sants-Montjuïc,Sants - Badal,4 anys,466
Sants-Montjuïc,Sants - Badal,5 anys,619
Sants-Montjuïc,Sants - Badal,6 anys,591
Sants-Montjuïc,Sants - Badal,7 anys,554
Sants-Montjuïc,Sants - Badal,8 anys,474
Sants-Montjuïc,Sants - Badal,9 anys,385
Sants-Montjuïc,Sants - Badal,D'11 a 20 anys,3560
Sants-Montjuïc,Sants - Badal,Menys d'un any d'antiguitat,406
Sants-Montjuïc,Sants - Badal,Més de 20 anys,1506
Sants-Montjuïc,Sants - Badal,No consta,3
Sants-Montjuïc,el Poble Sec - AEI Parc Montjuïc,1 any,557
Sants-Montjuïc,el Poble Sec - AEI Parc Montjuïc,10 anys,423
Sants-Montjuïc,el Poble Sec - AEI Parc Montjuïc,2 anys,490
Sants-Montjuïc,el Poble Sec - AEI Parc Montjuïc,3 anys,509
Sants-Montjuïc,el Poble Sec - AEI Parc Montjuïc,4 anys,594
Sants-Montjuïc,el Poble Sec - AEI Parc Montjuïc,5 anys,768
Sants-Montjuïc,el Poble Sec - AEI Parc Montjuïc,6 anys,722
Sants-Montjuïc,el Poble Sec - AEI Parc Montjuïc,7 anys,705
Sants-Montjuïc,el Poble Sec - AEI Parc Montjuïc,8 anys,638
Sants-Montjuïc,el Poble Sec - AEI Parc Montjuïc,9 anys,593
Sants-Montjuïc,el Poble Sec - AEI Parc Montjuïc,D'11 a 20 anys,5064
Sants-Montjuïc,el Poble Sec - AEI Parc Montjuïc,Menys d'un any d'antiguitat,551
Sants-Montjuïc,el Poble Sec - AEI Parc Montjuïc,Més de 20 anys,2550
Sants-Montjuïc,la Bordeta,1 any,404
Sants-Montjuïc,la Bordeta,10 anys,258
Sants-Montjuïc,la Bordeta,2 anys,358
Sants-Montjuïc,la Bordeta,3 anys,345
Sants-Montjuïc,la Bordeta,4 anys,369
Sants-Montjuïc,la Bordeta,5 anys,529
Sants-Montjuïc,la Bordeta,6 anys,470
Sants-Montjuïc,la Bordeta,7 anys,451
Sants-Montjuïc,la Bordeta,8 anys,366
Sants-Montjuïc,la Bordeta,9 anys,337
Sants-Montjuïc,la Bordeta,D'11 a 20 anys,2862
Sants-Montjuïc,la Bordeta,Menys d'un any d'antiguitat,394
Sants-Montjuïc,la Bordeta,Més de 20 anys,1289
Sants-Montjuïc,la Bordeta,No consta,1
Sants-Montjuïc,la Font de la Guatlla,1 any,209
Sants-Montjuïc,la Font de la Guatlla,10 anys,170
Sants-Montjuïc,la Font de la Guatlla,2 anys,197
Sants-Montjuïc,la Font de la Guatlla,3 anys,195
Sants-Montjuïc,la Font de la Guatlla,4 anys,235
Sants-Montjuïc,la Font de la Guatlla,5 anys,316
Sants-Montjuïc,la Font de la Guatlla,6 anys,238
Sants-Montjuïc,la Font de la Guatlla,7 anys,272
Sants-Montjuïc,la Font de la Guatlla,8 anys,234
Sants-Montjuïc,la Font de la Guatlla,9 anys,201
Sants-Montjuïc,la Font de la Guatlla,D'11 a 20 anys,1750
Sants-Montjuïc,la Font de la Guatlla,Menys d'un any d'antiguitat,208
Sants-Montjuïc,la Font de la Guatlla,Més de 20 anys,705
Sants-Montjuïc,la Font de la Guatlla,No consta,3
Sants-Montjuïc,la Marina de Port,1 any,602
Sants-Montjuïc,la Marina de Port,10 anys,455
Sants-Montjuïc,la Marina de Port,2 anys,496
Sants-Montjuïc,la Marina de Port,3 anys,562
Sants-Montjuïc,la Marina de Port,4 anys,595
Sants-Montjuïc,la Marina de Port,5 anys,821
Sants-Montjuïc,la Marina de Port,6 anys,860
Sants-Montjuïc,la Marina de Port,7 anys,862
Sants-Montjuïc,la Marina de Port,8 anys,715
Sants-Montjuïc,la Marina de Port,9 anys,583
Sants-Montjuïc,la Marina de Port,D'11 a 20 anys,5013
Sants-Montjuïc,la Marina de Port,Menys d'un any d'antiguitat,544
Sants-Montjuïc,la Marina de Port,Més de 20 anys,1938
Sants-Montjuïc,la Marina del Prat Vermell - AEI Zona Franca,1 any,1432
Sants-Montjuïc,la Marina del Prat Vermell - AEI Zona Franca,10 anys,230
Sants-Montjuïc,la Marina del Prat Vermell - AEI Zona Franca,2 anys,988
Sants-Montjuïc,la Marina del Prat Vermell - AEI Zona Franca,3 anys,570
Sants-Montjuïc,la Marina del Prat Vermell - AEI Zona Franca,4 anys,428
Sants-Montjuïc,la Marina del Prat Vermell - AEI Zona Franca,5 anys,636
Sants-Montjuïc,la Marina del Prat Vermell - AEI Zona Franca,6 anys,596
Sants-Montjuïc,la Marina del Prat Vermell - AEI Zona Franca,7 anys,541
Sants-Montjuïc,la Marina del Prat Vermell - AEI Zona Franca,8 anys,521
Sants-Montjuïc,la Marina del Prat Vermell - AEI Zona Franca,9 anys,453
Sants-Montjuïc,la Marina del Prat Vermell - AEI Zona Franca,D'11 a 20 anys,2361
Sants-Montjuïc,la Marina del Prat Vermell - AEI Zona Franca,Menys d'un any d'antiguitat,3738
Sants-Montjuïc,la Marina del Prat Vermell - AEI Zona Franca,Més de 20 anys,1100
Sarrià-St. Gervasi,Sant Gervasi - Galvany,1 any,1690
Sarrià-St. Gervasi,Sant Gervasi - Galvany,10 anys,1132
Sarrià-St. Gervasi,Sant Gervasi - Galvany,2 anys,1494
Sarrià-St. Gervasi,Sant Gervasi - Galvany,3 anys,1565
Sarrià-St. Gervasi,Sant Gervasi - Galvany,4 anys,1735
Sarrià-St. Gervasi,Sant Gervasi - Galvany,5 anys,1964
Sarrià-St. Gervasi,Sant Gervasi - Galvany,6 anys,2041
Sarrià-St. Gervasi,Sant Gervasi - Galvany,7 anys,1841
Sarrià-St. Gervasi,Sant Gervasi - Galvany,8 anys,1632
Sarrià-St. Gervasi,Sant Gervasi - Galvany,9 anys,1367
Sarrià-St. Gervasi,Sant Gervasi - Galvany,D'11 a 20 anys,10738
Sarrià-St. Gervasi,Sant Gervasi - Galvany,Menys d'un any d'antiguitat,1841
Sarrià-St. Gervasi,Sant Gervasi - Galvany,Més de 20 anys,7013
Sarrià-St. Gervasi,Sant Gervasi - Galvany,No consta,7
Sarrià-St. Gervasi,Sant Gervasi - la Bonanova,1 any,832
Sarrià-St. Gervasi,Sant Gervasi - la Bonanova,10 anys,610
Sarrià-St. Gervasi,Sant Gervasi - la Bonanova,2 anys,674
Sarrià-St. Gervasi,Sant Gervasi - la Bonanova,3 anys,736
Sarrià-St. Gervasi,Sant Gervasi - la Bonanova,4 anys,832
Sarrià-St. Gervasi,Sant Gervasi - la Bonanova,5 anys,953
Sarrià-St. Gervasi,Sant Gervasi - la Bonanova,6 anys,1295
Sarrià-St. Gervasi,Sant Gervasi - la Bonanova,7 anys,984
Sarrià-St. Gervasi,Sant Gervasi - la Bonanova,8 anys,845
Sarrià-St. Gervasi,Sant Gervasi - la Bonanova,9 anys,712
Sarrià-St. Gervasi,Sant Gervasi - la Bonanova,D'11 a 20 anys,5603
Sarrià-St. Gervasi,Sant Gervasi - la Bonanova,Menys d'un any d'antiguitat,762
Sarrià-St. Gervasi,Sant Gervasi - la Bonanova,Més de 20 anys,3255
Sarrià-St. Gervasi,Sant Gervasi - la Bonanova,No consta,1
Sarrià-St. Gervasi,Sarrià,1 any,719
Sarrià-St. Gervasi,Sarrià,10 anys,543
Sarrià-St. Gervasi,Sarrià,2 anys,692
Sarrià-St. Gervasi,Sarrià,3 anys,712
Sarrià-St. Gervasi,Sarrià,4 anys,734
Sarrià-St. Gervasi,Sarrià,5 anys,874
Sarrià-St. Gervasi,Sarrià,6 anys,886
Sarrià-St. Gervasi,Sarrià,7 anys,885
Sarrià-St. Gervasi,Sarrià,8 anys,763
Sarrià-St. Gervasi,Sarrià,9 anys,721
Sarrià-St. Gervasi,Sarrià,D'11 a 20 anys,5393
Sarrià-St. Gervasi,Sarrià,Menys d'un any d'antiguitat,734
Sarrià-St. Gervasi,Sarrià,Més de 20 anys,3100
Sarrià-St. Gervasi,Sarrià,No consta,1
Sarrià-St. Gervasi,"Vallvidrera, el Tibidabo i les Planes",1 any,142
Sarrià-St. Gervasi,"Vallvidrera, el Tibidabo i les Planes",10 anys,117
Sarrià-St. Gervasi,"Vallvidrera, el Tibidabo i les Planes",2 anys,118
Sarrià-St. Gervasi,"Vallvidrera, el Tibidabo i les Planes",3 anys,143
Sarrià-St. Gervasi,"Vallvidrera, el Tibidabo i les Planes",4 anys,150
Sarrià-St. Gervasi,"Vallvidrera, el Tibidabo i les Planes",5 anys,225
Sarrià-St. Gervasi,"Vallvidrera, el Tibidabo i les Planes",6 anys,184
Sarrià-St. Gervasi,"Vallvidrera, el Tibidabo i les Planes",7 anys,189
Sarrià-St. Gervasi,"Vallvidrera, el Tibidabo i les Planes",8 anys,140
Sarrià-St. Gervasi,"Vallvidrera, el Tibidabo i les Planes",9 anys,137
Sarrià-St. Gervasi,"Vallvidrera, el Tibidabo i les Planes",D'11 a 20 anys,1087
Sarrià-St. Gervasi,"Vallvidrera, el Tibidabo i les Planes",Menys d'un any d'antiguitat,135
Sarrià-St. Gervasi,"Vallvidrera, el Tibidabo i les Planes",Més de 20 anys,602
Sarrià-St. Gervasi,el Putxet i el Farró,1 any,708
Sarrià-St. Gervasi,el Putxet i el Farró,10 anys,575
Sarrià-St. Gervasi,el Putxet i el Farró,2 anys,720
Sarrià-St. Gervasi,el Putxet i el Farró,3 anys,694
Sarrià-St. Gervasi,el Putxet i el Farró,4 anys,779
Sarrià-St. Gervasi,el Putxet i el Farró,5 anys,970
Sarrià-St. Gervasi,el Putxet i el Farró,6 anys,930
Sarrià-St. Gervasi,el Putxet i el Farró,7 anys,918
Sarrià-St. Gervasi,el Putxet i el Farró,8 anys,770
Sarrià-St. Gervasi,el Putxet i el Farró,9 anys,715
Sarrià-St. Gervasi,el Putxet i el Farró,D'11 a 20 anys,5604
Sarrià-St. Gervasi,el Putxet i el Farró,Menys d'un any d'antiguitat,703
Sarrià-St. Gervasi,el Putxet i el Farró,Més de 20 anys,3149
Sarrià-St. Gervasi,el Putxet i el Farró,No consta,5
Sarrià-St. Gervasi,les Tres Torres,1 any,587
Sarrià-St. Gervasi,les Tres Torres,10 anys,464
Sarrià-St. Gervasi,les Tres Torres,2 anys,551
Sarrià-St. Gervasi,les Tres Torres,3 anys,545
Sarrià-St. Gervasi,les Tres Torres,4 anys,596
Sarrià-St. Gervasi,les Tres Torres,5 anys,659
Sarrià-St. Gervasi,les Tres Torres,6 anys,675
Sarrià-St. Gervasi,les Tres Torres,7 anys,713
Sarrià-St. Gervasi,les Tres Torres,8 anys,598
Sarrià-St. Gervasi,les Tres Torres,9 anys,534
Sarrià-St. Gervasi,les Tres Torres,D'11 a 20 anys,3772
Sarrià-St. Gervasi,les Tres Torres,Menys d'un any d'antiguitat,581
Sarrià-St. Gervasi,les Tres Torres,Més de 20 anys,2402
Sarrià-St. Gervasi,les Tres Torres,No consta,3
