,nombre,tipo,direccion,type2,schuko,ccs2,chademo,cpostal,Nom_Districte,total_punts
0,Ap. BSM - Estació Bcn-Nord,Parking,83 Carrer de Nàpols 08013,88,70,0,0,8013,Eixample,158
1,Estació Barcelona-Nord,Parking,83 Carrer de Nàpols 08013,58,48,0,0,8013,Eixample,106
2,Ap. BSM - Rius i Taulet,Parking,17 Avinguda de Rius i Taulet 08004,41,23,0,0,8004,Sants-Montjuïc,64
3,Rius i Taulet,Parking,17 Avinguda de Rius i Taulet 08004,32,32,0,0,8004,Sants-Montjuïc,64
4,Ap. BSM - Plaça Bonanova,Parking,2 Plaça de la Bonanova 08022,35,17,0,0,8022,Sarrià-St. Gervasi,52
5,Ap. BSM - Cotxeres de Sarrià,Parking,77 Passeig de Manuel Girona 08034,33,17,0,0,8034,Les Corts,50
6,Ap. BSM - Cardenal Sentmenat,Parking,25 Carrer del Cardenal Sentmenat 08017,31,16,0,0,8017,Sarrià-St. Gervasi,47
7,Ap. BSM - Sant Andreu Teatre,Parking,6 Carrer de les Monges 08030,30,12,0,0,8030,Sant Andreu,42
8,Ap. BSM - Plaça Navas,Parking,6 Carrer de Jaume Fabra 08004,29,13,0,0,8004,Sants-Montjuïc,42
9,Ap. BSM - Travessera de Dalt,Parking,3 Avinguda del Santuari de Sant Josep de la Muntanya 08024,32,8,0,0,8024,Horta-Guinardó,40
10,Cardenal Sentmenat-Vergós,Parking,25 Carrer del Cardenal Sentmenat 08017,21,16,0,0,8017,Sarrià-St. Gervasi,37
11,Ap. BSM - Torrent de l´Olla,Parking,38 Carrer de Nil Fabra 08012,25,11,0,0,8012,Gràcia,36
12,Mercat de Sant Antoni,Parking,1 Carrer del Comte d'Urgell 08011,22,13,0,0,8011,Eixample,35
13,Sant Andreu Teatre,Parking,6 Carrer de les Monges 08030,18,17,0,0,8030,Sant Andreu,35
14,Plaça Bonanova,Parking,2 Plaça de la Bonanova 08022,21,13,0,0,8022,Sarrià-St. Gervasi,34
15,Ap. BSM - Mercat de Sant Antoni,Parking,1 Carrer del Comte d'Urgell 08011,30,3,0,0,8011,Eixample,33
16,Ap. BSM - Passeig Maragall,Parking,54S Passeig de Maragall 08041,24,7,0,0,8041,Horta-Guinardó,31
17,Travessera de Dalt – Park Güell,Parking,3 Avinguda del Santuari de Sant Josep de la Muntanya 08024,18,13,0,0,8024,Horta-Guinardó,31
18,Marina Gràcia,Parking,378 Carrer de la Marina 08025,12,9,0,0,8025,Horta-Guinardó,21
19,Ap. BSM - Litoral Port,Parking,34S Avinguda del Litoral 08005,16,4,0,0,8005,Sant Martí,20
20,Ap. BSM - Hospital del Mar,Parking,25 Passeig Marítim de la Barceloneta 08003,17,3,0,0,8003,Ciutat Vella,20
21,Plaça Navas,Parking,6 Carrer de Jaume Fabra 08004,13,7,0,0,8004,Sants-Montjuïc,20
22,Plaça Joanic,Parking,71 Carrer de Bruniquer 08024,12,8,0,0,8024,Horta-Guinardó,20
23,Tanatori les Corts,Parking,Carrer de Menéndez y Pelayo 08028,10,10,0,0,8028,Sants-Montjuïc,20
24,Service Center Zal,Parking,90 Avinguda Ports d'Europa 08040,20,0,0,0,8040,Sants-Montjuïc,20
25,Badajoz,Parking,173 Carrer de Badajoz 08018,11,8,0,0,8018,Sant Martí,19
26,Badajoz,Parking,173 Carrer de Badajoz 08018,11,8,0,0,8018,Sant Martí,19
27,Interparking Hispania/7169,Superficie,38 Carrer d'Esteve Terradas 08023,18,0,0,0,8023,Gràcia,18
28,Gran Via de les Corts Catalanes 400 - Parking ONCE,Parking,406 Gran Via de les Corts Catalanes 08015,18,0,0,0,8015,Eixample,18
29,"Av. Diagonal, 598",Superficie,598 Avinguda Diagonal 08021,12,6,0,0,8021,Sarrià-St. Gervasi,18
30,Ap. BSM - Badajoz,Parking,173 Carrer de Badajoz 08018,13,5,0,0,8018,Sant Martí,18
31,Ap. BSM - Badajoz,Parking,173 Carrer de Badajoz 08018,13,5,0,0,8018,Sant Martí,18
32,Ap. BSM - Flos i Calcat,Parking,2 Carrer de Flos i Calcat 08034,14,4,0,0,8034,Les Corts,18
33,Plaça de les Arts,Parking,47d Avinguda Meridiana 08013,9,9,0,0,8013,Eixample,18
34,Hospital del Mar,Parking,8 Carrer del Gas 08003,9,9,0,0,8003,Ciutat Vella,18
35,Plaça Francesc Layret,Parking,Via Júlia 08042,9,9,0,0,8042,Nou Barris,18
36,Ferran Casablancas,Parking,2S Carrer de Josep Balari 08022,9,9,0,0,8022,Sarrià-St. Gervasi,18
37,Ap. BSM - Mitre - Putxet,Parking,205 Ronda del General Mitre 08023,15,2,0,0,8023,Gràcia,17
38,Ap. BSM - Ona Glòries,Parking,171 Carrer de la Ciutat de Granada 08018,11,6,0,0,8018,Sant Martí,17
39,Ap. BSM - Ona Glòries,Parking,171 Carrer de la Ciutat de Granada 08018,11,6,0,0,8018,Sant Martí,17
40,Ona Glòries,Parking,176 Carrer de la Ciutat de Granada 08018,11,6,0,0,8018,Sant Martí,17
41,Ona Glòries,Parking,176 Carrer de la Ciutat de Granada 08018,11,6,0,0,8018,Sant Martí,17
42,Bilbao Llull,Parking,32.X Carrer de Bilbao 08005,12,5,0,0,8005,Sant Martí,17
43,Torrent de l´Olla,Parking,23 Carrer de Nil Fabra 08012,10,7,0,0,8012,Gràcia,17
44,Ap. BSM - P. R. Biomèdica,Parking,179 Ronda Litoral 08003,14,2,0,0,8003,Ciutat Vella,16
45,Avinguda Gaudí,Parking,328 Carrer de los Castillejos 08025,8,8,0,0,8025,Horta-Guinardó,16
46,Passeig Maragall,Parking,54S Passeig de Maragall 08041,12,4,0,0,8041,Horta-Guinardó,16
47,Marquès de Mulhacén,Parking,51 Carrer del Marquès de Mulhacen 08034,8,8,0,0,8034,Les Corts,16
48,CC Westfield Glòries,Superficie,208 Avinguda Diagonal 08018,15,0,0,0,8018,Sant Martí,15
49,CC Westfield Glòries,Superficie,208 Avinguda Diagonal 08018,15,0,0,0,8018,Sant Martí,15
50,Parking Carlos III (PowerGo),Parking,9 Gran Via de Carles III 08028,15,0,0,0,8028,Sants-Montjuïc,15
51,Ap. BSM - Porta de Sarrià,Parking,17 Carrer de Salvador Mundí 08017,13,2,0,0,8017,Sarrià-St. Gervasi,15
52,Ap. BSM - Bilbao Llull,Parking,32X Carrer de Bilbao 08005,10,5,0,0,8005,Sant Martí,15
53,Mitre - Putxet,Parking,205 Ronda del General Mitre 08023,9,6,0,0,8023,Gràcia,15
54,Telpark - Hospital Clínic-CEK,Parking,149 Carrer del Rosselló 08036,14,0,0,0,8036,Eixample,14
55,Fluvià 102-118,Superficie,368 Carrer de Fluvià 08019,6,4,2,2,8019,Sant Martí,14
56,Ap. BSM - Mercat del Guinardó,Parking,24 Carrer de Teodor Llorente 08041,13,1,0,0,8041,Horta-Guinardó,14
57,Ap. BSM - Tanatori Les Corts,Parking,Carrer de Menéndez y Pelayo 08028,12,2,0,0,8028,Sants-Montjuïc,14
58,Mercat Sagrada Família,Parking,437 Carrer de Mallorca 08013,10,4,0,0,8013,Eixample,14
59,Ciutat del Teatre,Parking,35.C Carrer de la França Xica 08004,7,7,0,0,8004,Sants-Montjuïc,14
60,Encants,Parking,162 Carrer de los Castillejos 08013,9,4,0,0,8013,Eixample,13
61,Interparking Hispania/6278,Superficie,9 Carrer de Casp 08010,12,0,0,0,8010,Eixample,12
62,Telpark - Sancho de Ávila,Parking,31X Carrer de Sancho de Ávila 08018,12,0,0,0,8018,Sant Martí,12
63,Telpark - Sancho de Ávila,Parking,31X Carrer de Sancho de Ávila 08018,12,0,0,0,8018,Sant Martí,12
64,Ap. BSM - Bus Garcia Fària,Parking,560 Carrer de Josep Pla 08019,8,4,0,0,8019,Sant Martí,12
65,undefined,Superficie,43 Carrer d'Arquímedes 08030,12,0,0,0,8030,Sant Andreu,12
66,Litoral Port,Parking,34.S Avinguda del Litoral 08005,6,6,0,0,8005,Sant Martí,12
67,Parking Doctor Trueta - Promoparc,Superficie,218 Carrer del Doctor Trueta 08005,11,0,0,0,8005,Sant Martí,11
68,LIV Student Barcelona,Superficie,86 Carrer de Puigcerdà 08019,11,0,0,0,8019,Sant Martí,11
69,"Mas Casanovas, 69",Superficie,65 Carrer del Mas Casanovas 08041,5,0,3,3,8041,Horta-Guinardó,11
70,"Josep Pla, 2",Superficie,20 Carrer de Josep Pla 08019,6,3,1,1,8019,Sant Martí,11
71,Ap. BSM - Encants,Parking,162 Carrer de los Castillejos 08013,9,2,0,0,8013,Eixample,11
72,Rambla Poblenou,Parking,130.X Rambla del Poblenou 08018,9,2,0,0,8018,Sant Martí,11
73,Rambla Poblenou,Parking,130.X Rambla del Poblenou 08018,9,2,0,0,8018,Sant Martí,11
74,Marina Port,Parking,s/n Moll de la Marina 08005,6,5,0,0,8005,Sant Martí,11
75,Parking Diagonal Numancia,Parking,22 Carrer de Flos i Calcat 08034,10,0,0,0,8034,Les Corts,10
76,Interparking Hispania/6280,Superficie,169 Carrer de Provença 08036,10,0,0,0,8036,Eixample,10
77,Ap. BSM - Rambla Poblenou,Parking,130.X Rambla del Poblenou 08018,8,2,0,0,8018,Sant Martí,10
78,Ap. BSM - Rambla Poblenou,Parking,130.X Rambla del Poblenou 08018,8,2,0,0,8018,Sant Martí,10
79,Ap. BSM - Ciutat del Teatre,Parking,35 Carrer de la França Xica 08004,7,3,0,0,8004,Sants-Montjuïc,10
80,Ap. BSM - Marquès de Mulhacén,Parking,42X Carrer del Marquès de Mulhacen 08034,8,2,0,0,8034,Les Corts,10
81,Ap. BSM - Sant Genís,Parking,158 Passeig de la Vall d'Hebron 08035,8,2,0,0,8035,Horta-Guinardó,10
82,Parking Larrondo,Parking,77 Carrer de Pujades 08005,10,0,0,0,8005,Sant Martí,10
83,"Av. Diagonal, 447 (lateral Mar)",Superficie,445 Avinguda Diagonal 08036,2,4,2,2,8036,Eixample,10
84,Fluvià 102-118,Superficie,368 Carrer de Fluvià 08019,2,4,2,2,8019,Sant Martí,10
85,"Av. Diagonal, 387 (lateral mar)",Superficie,310 Carrer de Còrsega 08008,4,5,0,0,8008,Eixample,9
86,"Ciutat de Granada, 11",Superficie,1612 Carrer de la Ciutat de Granada 08005,6,3,0,0,8005,Sant Martí,9
87,"Avinguda del Paral·lel, 55",Superficie,54 Avinguda del Paral·lel 08004,3,2,2,2,8004,Sants-Montjuïc,9
88,"Aparcament Viriat, 5-23",Superficie,23 Carrer de Viriat 08014,3,0,3,3,8014,Sants-Montjuïc,9
89,"Pl. Alfonso Comín, 12",Superficie,13 Carrer de Collserola 08022,3,0,3,3,8022,Sarrià-St. Gervasi,9
90,Lidl Gran Vía 159,Tienda,159 Gran Via de les Corts Catalanes 08014,9,0,0,0,8014,Sants-Montjuïc,9
91,Parking Aura,Parking,33 Carrer de Buenos Aires 08036,8,0,0,0,8036,Eixample,8
92,RTVE_RNE Barcelona,Superficie,127 Carrer de Roc Boronat 08018,8,0,0,0,8018,Sant Martí,8
93,RTVE_RNE Barcelona,Superficie,127 Carrer de Roc Boronat 08018,8,0,0,0,8018,Sant Martí,8
94,CC Westfield La Maquinista,Superficie,80 carrer de la República Dominicana 08030,8,0,0,0,8030,Sant Andreu,8
95,Interparking Hispania/6207,Superficie,206 La Rambla 08002,8,0,0,0,8002,Ciutat Vella,8
96,Interparking Hispania/6205,Superficie,270 Carrer de València 08007,8,0,0,0,8007,Eixample,8
97,Interparking Hispania/6204,Superficie,649 Carrer de Còrsega 08025,8,0,0,0,8025,Horta-Guinardó,8
98,"Hort de la Vila, 46",Superficie,50 Carrer de l'Hort de la Vila 08017,4,0,2,2,8017,Sarrià-St. Gervasi,8
99,"Joan de Borbó, 12",Superficie,14 Passeig de Joan de Borbó 08003,4,4,0,0,8003,Ciutat Vella,8
100,"Pl. Alfonso Comín, 12",Superficie,13 Carrer de Collserola 08022,4,0,2,2,8022,Sarrià-St. Gervasi,8
101,Ciutat Meridiana,Parking,70B Avinguda dels Rasos de Peguera 08033,4,4,0,0,8033,Nou Barris,8
102,"Camp de l'Arpa, 08041, Barcelona",Parking,408 Carrer de Sant Antoni Maria Claret 08041,0,0,8,0,8041,Horta-Guinardó,8
103,Parking trinxant,Parking,114 114 08041,8,0,0,0,8041,Horta-Guinardó,8
104,Sector DFactory,Superficie,57 Carrer Lletra A de la Zona Franca 08040,8,0,0,0,8040,Sants-Montjuïc,8
105,Encants,Parking,162 Carrer de los Castillejos 08013,4,4,0,0,8013,Eixample,8
106,Sant Genís-Vall d´Hebron,Parking,158 Passeig de la Vall d'Hebron 08035,6,2,0,0,8035,Horta-Guinardó,8
107,Bus Garcia Fària,Parking,560 Carrer de Josep Pla 08019,4,4,0,0,8019,Sant Martí,8
108,Parking - Joan de Borbó,Parking,2 Passeig de Joan de Borbó 08003,8,0,0,0,8003,Ciutat Vella,8
109,Parking Dr. Roig i Raventós,Parking,73 Carrer de Dalmases 08022,0,8,0,0,8022,Sarrià-St. Gervasi,8
110,Parking Torre Tarragona 161 - Promoparc,Superficie,161U Carrer de Tarragona 08014,7,0,0,0,8014,Sants-Montjuïc,7
111,BCSABAURQUINAONA02,Superficie,2 Carrer d'Ausiàs Marc 08010,7,0,0,0,8010,Eixample,7
112,2028-Telpark - Hospital Clínic-CEK,Superficie,149 Carrer del Rosselló 08036,7,0,0,0,8036,Eixample,7
113,Eranovum e-mobility/64e601f57194eb2747971415,Superficie,325I Carrer d'Aragó 08009,6,0,1,0,8009,Eixample,7
114,"Lope de Vega, 158-160",Superficie,492 Carrer de Lope de Vega 08018,4,3,0,0,8018,Sant Martí,7
115,"Lope de Vega, 158-160",Superficie,492 Carrer de Lope de Vega 08018,4,3,0,0,8018,Sant Martí,7
116,Foneria 29,Superficie,26 Carrer de la Foneria 08038,3,0,2,2,8038,Sants-Montjuïc,7
117,Pintor Tapiró 2-6,Superficie,5 Carrer del Pintor Tapiró 08028,4,3,0,0,8028,Sants-Montjuïc,7
118,"Av. Josep Vicenç Foix, 86 Bis",Superficie,86 Avinguda de Josep Vicenç Foix 08034,4,3,0,0,8034,Les Corts,7
119,"Rbla. Guipúscoa, 103",Superficie,103 Carrer de Guipúscoa 08020,4,3,0,0,8020,Sant Martí,7
120,"Av. Esplugues, 52",Superficie,10 Carrer d'Eduard Toldrà 08034,4,3,0,0,8034,Les Corts,7
121,c/ Europa 38,Superficie,38 Carrer d'Europa 08014,4,3,0,0,8014,Sants-Montjuïc,7
122,"Torras i Bages, 11",Superficie,11 Passeig de Torras i Bages 08030,4,3,0,0,8030,Sant Andreu,7
123,Mercat del Guinardó,Parking,24 Carrer de Teodor Llorente 08041,6,1,0,0,8041,Horta-Guinardó,7
124,Mercat del Guinardó,Parking,24 Carrer de Teodor Llorente 08041,6,1,0,0,8041,Horta-Guinardó,7
125,"Club Arsenal Femenino Barcelona, Carrer d'Amigó 72",Parking,72 Carrer d'Amigó 08021,6,0,0,0,8021,Sarrià-St. Gervasi,6
126,"Club Arsenal Masculino Barcelona, Carrer de Pomaret 49",Parking,2B Carrer de Terré 08017,6,0,0,0,8017,Sarrià-St. Gervasi,6
127,"Garage Rambla del Brasil 29, PLANTA -1",Parking,29 Rambla del Brasil 08028,6,0,0,0,8028,Sants-Montjuïc,6
128,Indra 22@ Barcelona,Superficie,133 Carrer Lutxana 08018,6,0,0,0,8018,Sant Martí,6
129,Indra 22@ Barcelona,Superficie,133 Carrer Lutxana 08018,6,0,0,0,8018,Sant Martí,6
130,Melia Barcelona Sarrià,Superficie,50 Avinguda de Sarrià 08029,6,0,0,0,8029,Les Corts,6
131,Campus Mundet - Migdia,Parking,0 Avinguda d'Arturo Mundet 08035,6,0,0,0,8035,Horta-Guinardó,6
132,Pàrking - SELBA EdRSR 1,Superficie,86 Gran Via de Carles III 08028,6,0,0,0,8028,Sants-Montjuïc,6
133,Parking Garatge 2000 - SELBA EdRSR,Superficie,86 Carrer de Sant Antoni Maria Claret 08025,6,0,0,0,8025,Horta-Guinardó,6
134,"Endesa CPO SABA - Plaça de Catalunya, 08002 Barcelona, Spain",Superficie,9X Carrer del Portal de Santa Madrona 08001,2,0,2,2,8001,Ciutat Vella,6
135,1591001318,Superficie,56 Carrer de Londres 08036,6,0,0,0,8036,Eixample,6
136,1583000418,Superficie,139 Avinguda de Josep Tarradellas 08029,6,0,0,0,8029,Les Corts,6
137,Interparking Hispania/7061,Superficie,Via sense nom 08034,6,0,0,0,8034,Les Corts,6
138,"Garage Rambla del Brasil 29, PLANTA -1",Superficie,102 Carrer de Miquel Àngel 08028,6,0,0,0,8028,Sants-Montjuïc,6
139,2079-Telpark - Sancho de Ávila,Superficie,31X Carrer de Sancho de Ávila 08018,6,0,0,0,8018,Sant Martí,6
140,2079-Telpark - Sancho de Ávila,Superficie,31X Carrer de Sancho de Ávila 08018,6,0,0,0,8018,Sant Martí,6
141,JAPE - PLANTA 1,Desconocido,23 Carrer d'Aragó 08015,6,0,0,0,8015,Eixample,6
142,TheF Charging Espana - Garage Rambla del Brasil 29,Superficie,102 Carrer de Miquel Àngel 08028,6,0,0,0,8028,Sants-Montjuïc,6
143,WALA Zona Franca 205,Parking,205 Passeig de la Zona Franca 08038,6,0,0,0,8038,Sants-Montjuïc,6
144,Novotel - Barcelona Cornellà,Superficie,82I Via de Bàrcino 08033,0,0,5,1,8033,Nou Barris,6
145,Parking Garbi,Parking,6 Carrer de Casanova 08011,6,0,0,0,8011,Eixample,6
146,Ausiàs March 151,Superficie,139 Carrer de la Marina 08013,2,2,1,1,8013,Eixample,6
147,c/ Torrent de l'Olla 203,Superficie,38 Carrer de Nil Fabra 08012,2,2,1,1,8012,Gràcia,6
148,Parking NN Espronceda,Parking,65 Plaça de Victòria Kent 08018,6,0,0,0,8018,Sant Martí,6
149,Parking NN Espronceda,Parking,65 Plaça de Victòria Kent 08018,6,0,0,0,8018,Sant Martí,6
150,"Club Arsenal Femenino Barcelona, Carrer d'Amigó 72",Superficie,52 Carrer del Rector Ubach 08021,6,0,0,0,8021,Sarrià-St. Gervasi,6
151,TheF Charging Espana - Club Arsenal Femenino Barce,Superficie,52 Carrer del Rector Ubach 08021,6,0,0,0,8021,Sarrià-St. Gervasi,6
152,"Club Arsenal Masculino Barcelona, Carrer de Pomaret 49",Superficie,2B Carrer de Terré 08017,6,0,0,0,8017,Sarrià-St. Gervasi,6
153,TheF Charging Espana - Club Arsenal Masculino Barc,Superficie,2B Carrer de Terré 08017,6,0,0,0,8017,Sarrià-St. Gervasi,6
154,Llull 331,Parking,37 Carrer de la Selva de Mar 08019,6,0,0,0,8019,Sant Martí,6
155,Parking Biblioteca FCCMA,Parking,2 Carrer d'Enric Granados 08007,6,0,0,0,8007,Eixample,6
156,Europa 12,Superficie,14 Carrer d'Europa 08028,2,0,2,2,8028,Sants-Montjuïc,6
157,"Mas Casanovas, 69",Superficie,65 Carrer del Mas Casanovas 08041,2,0,2,2,8041,Horta-Guinardó,6
158,"Av. Diagonal, 429 (lateral Mar)",Superficie,431 Carrer de Londres 08036,0,6,0,0,8036,Eixample,6
159,"Carrer Fra Juníper Serra, 57",Superficie,61 Carrer de Fra Juníper Serra 08030,2,0,2,2,8030,Sant Andreu,6
160,"Via Augusta, 352",Superficie,352 Via Augusta 08017,2,0,2,2,8017,Sarrià-St. Gervasi,6
161,Ciutat Meridiana,Parking,70B Avinguda dels Rasos de Peguera 08033,3,3,0,0,8033,Nou Barris,6
162,Hotel SiR VICTOR,Hotel,267 Carrer del Rosselló 08008,0,0,0,0,8008,Eixample,1
163,Parking Romara,Parking,9 Carrer d'Aribau 08011,3,3,0,0,8011,Eixample,6
164,SABA/autopistas,Superficie,22 Avinguda Parc Logístic 08040,6,0,0,0,8040,Sants-Montjuïc,6
165,Parking Poeta Cabanyes - Promoparc,Superficie,10 Carrer del Poeta Cabanyes 08004,5,0,0,0,8004,Sants-Montjuïc,5
166,PARQUING SANT JAUME,Parking,45 Carrer del Lluçanès 08022,5,0,0,0,8022,Sarrià-St. Gervasi,5
167,Telpark - Ninot,Parking,190 Carrer de Provença 08036,5,0,0,0,8036,Eixample,5
168,BCSABAAPARCAMIENTOPLAZACATALUNA09,Superficie,21 Carrer de Rivadeneyra 08002,5,0,0,0,8002,Ciutat Vella,5
169,Bauhaus,Parking,29 Carrer de l'Estany 08038,5,0,0,0,8038,Sants-Montjuïc,5
170,Parking Carlos III (PowerGo),Superficie,5860 Gran Via de Carles III 08028,5,0,0,0,8028,Sants-Montjuïc,5
171,"Rosselló i Porcel, 9",Superficie,10 Carrer de Rosselló i Pòrcel 08016,1,2,1,1,8016,Nou Barris,5
172,Mallorca 100,Superficie,100 Carrer de Mallorca 08029,2,0,1,2,8029,Les Corts,5
173,"Rosselló i Porcel, 9",Superficie,78 Avinguda de Rio de Janeiro 08016,1,2,1,1,8016,Nou Barris,5
174,"Josep Pla, 2",Superficie,14 Carrer de Josep Pla 08019,1,2,1,1,8019,Sant Martí,5
175,"Avinguda del Paral·lel, 55",Superficie,54 Avinguda del Paral·lel 08004,1,2,1,1,8004,Sants-Montjuïc,5
176,c/ Torrent de l'Olla 203,Superficie,23 Carrer de Nil Fabra 08012,1,2,1,1,8012,Gràcia,5
177,Wallbox rRcharging Solution Gran Via,Parking,15S Carrer de Llança 08015,2,0,0,0,8015,Eixample,2
178,Aparcament REGESA - Plaça Maragall,Parking,1 Plaça de Maragall 08041,0,4,1,0,8041,Horta-Guinardó,5
179,El Corte Inglés Diagonal,Centro comercial,7 Carrer d'Europa 08028,2,2,0,0,8028,Sants-Montjuïc,4
180,Barcelona - Parking Condal,Superficie,"24, pral 1 Plaça del Doctor Letamendi 08007",0,0,4,0,8007,Eixample,4
181,Parking El Born Center. Barcelona - Parkia,Superficie,1 Plaça Comercial 08003,4,0,0,0,8003,Ciutat Vella,4
182,Parking Clínica Corachan. Barcelona - Parkia,Superficie,600 Avinguda Diagonal 08021,4,0,0,0,8021,Sarrià-St. Gervasi,4
183,Parking Cap Maragall. Barcelona - Parkia,Superficie,52 Passeig Maragall 08041,4,0,0,0,8041,Horta-Guinardó,4
184,Campus Mundet - Ponent,Parking,24I Carrer de l'Harmonia 08035,4,0,0,0,8035,Horta-Guinardó,4
185,Barcelona - Parking Condal,Parking,24 Plaça del Doctor Letamendi 08007,0,0,4,0,8007,Eixample,4
186,Parking Rocas Aribau,Parking,170 Carrer d'Aribau 08036,4,0,0,0,8036,Eixample,4
187,BARCARRERDELCOMTEURGELL03,Superficie,8 Carrer del Comte d'Urgell 08011,4,0,0,0,8011,Eixample,4
188,BCNJARDINETSDEGRACIA01,Superficie,9999 Passeig de Gràcia 08008,4,0,0,0,8008,Eixample,4
189,BARCLUBNATACIONLLEIDA01,Superficie,16 Carrer de Viriat 08014,4,0,0,0,8014,Sants-Montjuïc,4
190,"Endesa CPO BAMSA - Pg. de Gràcia, 08007 Barcelona, Spain",Superficie,38 Passeig de Gràcia 08007,4,0,0,0,8007,Eixample,4
191,BASABADIPUTACIO02,Superficie,286 Carrer de la Diputació 08009,4,0,0,0,8009,Eixample,4
192,1590000618,Superficie,116B Passeig de Gràcia 08008,4,0,0,0,8008,Eixample,4
193,Parking Viladomat,Parking,314 Carrer de Viladomat 08029,4,0,0,0,8029,Les Corts,4
194,JAPE - PLANTA -1,Desconocido,23 Carrer d'Aragó 08015,4,0,0,0,8015,Eixample,4
195,Training D26,Desconocido,20 Carrer D 08040,4,0,0,0,8040,Sants-Montjuïc,4
196,Puiggarí 37,Superficie,23 Carrer de Viriat 08014,2,0,1,1,8014,Sants-Montjuïc,4
197,cementiri Montjuïc,Superficie,40 Carrer de la Mare de Déu de Port 08038,0,4,0,0,8038,Sants-Montjuïc,4
198,Cisell 8,Superficie,8 Carrer del Cisell 08038,2,0,1,1,8038,Sants-Montjuïc,4
199,Ronda Sant Pau 60,Superficie,62 Ronda de Sant Pau 08001,2,0,1,1,8001,Ciutat Vella,4
200,Moragas 17,Superficie,17 Carrer de Moragas 08022,2,0,1,1,8022,Sarrià-St. Gervasi,4
201,Nena Cases 24,Superficie,24 Carrer de la Nena Casas 08017,2,0,1,1,8017,Sarrià-St. Gervasi,4
202,Can Marcet 18,Superficie,18 Avinguda de Can Marcet 08035,2,0,1,1,8035,Horta-Guinardó,4
203,Legalitat 53,Superficie,55 Carrer de la Legalitat 08024,2,0,1,1,8024,Horta-Guinardó,4
204,Diputació 344,Superficie,371 Carrer de la Diputació 08013,2,0,1,1,8013,Eixample,4
205,"Reina Victoria, 9",Superficie,10 Carrer de la Reina Victòria 08021,2,0,1,1,8021,Sarrià-St. Gervasi,4
206,Virgili 10,Superficie,4 Carrer de Virgili 08030,2,0,1,1,8030,Sant Andreu,4
207,Can Bruixa 23,Superficie,33 Carrer de Can Bruixa 08014,2,0,1,1,8014,Sants-Montjuïc,4
208,Cantàbria 28,Superficie,29 Carrer de Cantàbria 08020,2,0,1,1,8020,Sant Martí,4
209,Salvador Espriu 97,Superficie,Carrer de Salvador Espriu 08005,2,0,1,1,8005,Sant Martí,4
210,Torras i Bages 124,Superficie,124 Plaça de Josep Andreu i Abelló 08030,2,0,1,1,8030,Sant Andreu,4
211,Poesia 2,Superficie,7B Carrer de la Poesia 08035,2,0,1,1,8035,Horta-Guinardó,4
212,Pare Mariana 21,Superficie,135 Carrer del Pare Mariana 08035,2,0,1,1,8035,Horta-Guinardó,4
213,Química 2,Superficie,2 Carrer de la Química 08038,2,0,1,1,8038,Sants-Montjuïc,4
214,Pg. Joan de Borbó 68,Superficie,69 Passeig de Joan de Borbó 08003,2,2,0,0,8003,Ciutat Vella,4
215,John M. Keynes,Superficie,37 Carrer de John Maynard Keynes 08034,2,0,1,1,8034,Les Corts,4
216,Jerez 14,Superficie,16 Carrer de Jerez 08032,1,1,1,1,8032,Horta-Guinardó,4
217,Pg. Picasso 8,Superficie,8 Passeig de Picasso 08003,2,0,1,1,8003,Ciutat Vella,4
218,Europa 12,Superficie,14 Carrer d'Europa 08028,2,0,1,1,8028,Sants-Montjuïc,4
219,Entença 335,Superficie,115 Carrer de Déu i Mata 08029,2,0,1,1,8029,Les Corts,4
220,"Via Favència, 21",Superficie,21X Via Favència 08042,2,0,1,1,8042,Nou Barris,4
221,"Carrer Roc Boronat, 122",Superficie,125 Carrer de Roc Boronat 08018,2,0,1,1,8018,Sant Martí,4
222,"Carrer Roc Boronat, 122",Superficie,125 Carrer de Roc Boronat 08018,2,0,1,1,8018,Sant Martí,4
223,"Carrer Fra Juníper Serra, 57",Superficie,61 Carrer de Fra Juníper Serra 08030,2,0,1,1,8030,Sant Andreu,4
224,"Pla de Palau, 21",Superficie,1366 Pla de Palau 08003,2,0,1,1,8003,Ciutat Vella,4
225,"Llull, 285",Superficie,288 Calle de Llull 08019,2,2,0,0,8019,Sant Martí,4
226,"Fontanella, 1",Superficie,1 Carrer de Fontanella 08002,2,2,0,0,8002,Ciutat Vella,4
227,"Provença, 447",Superficie,447 Carrer de Provença 08025,2,0,1,1,8025,Horta-Guinardó,4
228,Galícia,Parking,12 Carrer de Galícia 08033,2,2,0,0,8033,Nou Barris,4
229,"Mercadona València, Barcelona",Parking,531 Carrer de València 08013,4,0,0,0,8013,Eixample,4
230,Saba Constanza,Parking,69 Carrer de Déu i Mata 08029,4,0,0,0,8029,Les Corts,4
231,Torre Pujades,Parking,342 Carrer de Pujades 08019,4,0,0,0,8019,Sant Martí,4
232,Mercadona La Pau,Tienda,24 carrer José Garrido Gámez 08020,4,0,0,0,8020,Sant Martí,4
233,Hotel Claris,Hotel,152 Carrer de Pau Claris 08009,4,0,0,0,8009,Eixample,4
234,Ap. Esperança i Guell,Parking,13 Carrer de Sant Cugat del Vallès 08024,4,0,0,0,8024,Horta-Guinardó,4
235,Factor Energía - RC POLO BCN - Entrada Principal,Superficie,27 Avinguda Doctor Marañón 08028,4,0,0,0,8028,Sants-Montjuïc,4
236,Gràcia Motos,Parking,190 Carrer Gran de Gràcia 08012,2,2,0,0,8012,Gràcia,4
237,Gràcia Motos,Parking,190 Carrer Gran de Gràcia 08012,2,2,0,0,8012,Gràcia,4
238,Jerez 14,Superficie,16 Carrer de Jerez 08032,1,1,1,1,8032,Horta-Guinardó,4
239,"Av. Diagonal, 598",Superficie,598 Avinguda Diagonal 08021,0,4,0,0,8021,Sarrià-St. Gervasi,4
240,"Av. Diagonal, 387 (lateral mar)",Superficie,310 Carrer de Còrsega 08008,0,4,0,0,8008,Eixample,4
241,"Pascual i Vila, 23",Superficie,23-24 Carrer de Pascual i Vila 08028,0,4,0,0,8028,Sants-Montjuïc,4
242,"Joan de Borbó, 12",Superficie,14 Passeig de Joan de Borbó 08003,0,4,0,0,8003,Ciutat Vella,4
243,Tibidabo,Parking,33 Carrer Tibidabo a Vall 08035,2,2,0,0,8035,Horta-Guinardó,4
244,Galícia,Parking,28 Carrer de Galícia 08033,2,2,0,0,8033,Nou Barris,4
245,Mercabarna Pavelló Bio,Parking,23 Carrer Transversal 5 08040,4,0,0,0,8040,Sants-Montjuïc,4
246,Lidl Jardins de Màlaga,Tienda,20 Carrer de Numància 08029,4,0,0,0,8029,Les Corts,4
247,saba mercat santa catarina,Parking,20 Carrer de Freixures 08003,4,0,0,0,8003,Ciutat Vella,4
248,Mercadona les Torres,Tienda,2 Carrer dels Nou Barris 08042,4,0,0,0,8042,Nou Barris,4
249,Hotel Sofia,Hotel,1 Carrer del Doctor Salvador Cardenal 08028,1,0,0,0,8028,Sants-Montjuïc,1
250,Andante Hotel,Hotel,23 Avinguda de les Drassanes 08001,4,0,0,0,8001,Ciutat Vella,4
251,ZT The Golden Hotel Barcelona,Hotel,135 Carrer d'Àvila 08018,4,0,0,0,8018,Sant Martí,4
252,ZT The Golden Hotel Barcelona,Hotel,135 Carrer d'Àvila 08018,4,0,0,0,8018,Sant Martí,4
253,Parking Norte Nissan Fábrica,Superficie,107 Travessia es 08040,0,3,0,1,8040,Sants-Montjuïc,4
254,H10 Cubik,Hotel,69 Via Laietana 08003,2,0,0,0,8003,Ciutat Vella,2
255,Parking Carrer Premià,Parking,45 Carrer de Premià 08014,2,2,0,0,8014,Sants-Montjuïc,4
256,Hotel Acevi Villarroel,Hotel,103 Carrer de Villarroel 08011,1,2,0,0,8011,Eixample,3
257,Parking Hotel Ronda Lesseps,Hotel,64 Carrer de Ballester 08023,0,3,0,0,8023,Gràcia,3
258,Parking M,Parking,506 Carrer del Rosselló 08025,0,4,0,0,8025,Horta-Guinardó,4
259,Aparcament REGESA - Mercat de la Mercè,Parking,1X Carrer de Joan Alcover 08031,0,4,0,0,8031,Nou Barris,4
260,Telpark - Hospital Sagrado Cor,Parking,298 Carrer de Viladomat 08029,3,0,0,0,8029,Les Corts,3
261,Zona BCN (Parking MX),Superficie,316 Travessera de Gràcia 08025,3,0,0,0,8025,Horta-Guinardó,3
262,"Passeig de Gràcia, 5",Superficie,3 Passeig de Gràcia 08007,1,0,1,1,8007,Eixample,3
263,Melia Barcelona Sky,Superficie,274 Carrer de Pere IV 08018,3,0,0,0,8018,Sant Martí,3
264,Melia Barcelona Sky,Superficie,274 Carrer de Pere IV 08018,3,0,0,0,8018,Sant Martí,3
265,NH Collection Barcelona Constanza,Superficie,95U Carrer de Déu i Mata 08029,3,0,0,0,8029,Les Corts,3
266,Best Western Plus Alfa Aeropuerto,Hotel,6 Carrer K Zona Franca 08040,3,0,0,0,8040,Sants-Montjuïc,3
267,Endesa CPO - Ml Inflamables,Superficie,9 Ml Inflamables 08040,1,0,1,1,8040,Sants-Montjuïc,3
268,Endesa CPO - JOSEL - Passeig de Sant Gervasi,Superficie,51 Passeig de Sant Gervasi 08022,3,0,0,0,8022,Sarrià-St. Gervasi,3
269,"Endesa CPO SABA APARCAMIENTOS - Av. de Pau Casals, Sarrià-Sant Gervasi, 08021 Barcelona, Spain",Superficie,5 Avinguda de Pau Casals 08021,3,0,0,0,8021,Sarrià-St. Gervasi,3
270,BCSABAELECTROLINERACARLESIII01,Superficie,81 Gran Via de Carles III 08028,1,0,1,1,8028,Sants-Montjuïc,3
271,"Endesa CPO SABA - Pl. d'Urquinaona, 08010 Barcelona, Spain",Superficie,3 Plaça d'Urquinaona 08010,1,0,1,1,8010,Eixample,3
272,BCSABAELECTROLINERACARLESIII02,Superficie,81 Gran Via de Carles III 08028,1,0,1,1,8028,Sants-Montjuïc,3
273,62126022680008,Superficie,10 Avinguda de la Catedral,1,0,1,1,8002,Ciutat Vella,3
274,"Endesa CPO SABA - Jardines Ps. Gràcia, Barcelona, Spain",Superficie,116B Passeig de Gràcia 08008,1,0,1,1,8008,Eixample,3
275,BCSABATRAVESSERA17-21C9,Superficie,23 Travessera de Gràcia 08021,3,0,0,0,8021,Sarrià-St. Gervasi,3
276,BCSABACATEDRAL,Superficie,9 Avinguda de la Catedral,3,0,0,0,8002,Ciutat Vella,3
277,Eranovum e-mobility/6694fb0cbc4bc2d82f94826b,Superficie,166 Avinguda de Madrid 08028,3,0,0,0,8028,Sants-Montjuïc,3
278,Eranovum e-mobility/66542f0781c2c43a755eb398,Superficie,236B Carrer de Sicília 08013,2,0,1,0,8013,Eixample,3
279,E.S. Repsol Avda Sarria,Estación de servicio,126 Avinguda de Sarrià 08017,1,0,1,1,8017,Sarrià-St. Gervasi,3
280,Parking Riubar - 01,Superficie,63 Carrer de Mallorca 08029,3,0,0,0,8029,Les Corts,3
281,Parking Continental,Parking,150 Carrer de Roger de Flor 08013,3,0,0,0,8013,Eixample,3
282,CARMEL COORPORACIÓ 2000 SL,Parking,75 Gran Via de Carles III 08028,3,0,0,0,8028,Sants-Montjuïc,3
283,"Llobregós, 215",Superficie,213 Carrer del Llobregós 08032,1,0,1,1,8032,Horta-Guinardó,3
284,Mercabarna,Superficie,25 Carrer Major 08040,1,0,1,1,8040,Sants-Montjuïc,3
285,"Av. Meridiana, 400 E",Superficie,396 Avinguda Meridiana 08030,1,0,1,1,8030,Sant Andreu,3
286,Tanatori Ronda de Dalt,Parking,37 Carrer de Scala Dei 08035,3,0,0,0,8035,Horta-Guinardó,3
287,Repsol Bon Pastor,Estación de servicio,25 Passeig de Guayaquil 08030,1,0,1,1,8030,Sant Andreu,3
288,Cisell 8,Superficie,45 Passeig de la Zona Franca 08038,1,0,1,1,8038,Sants-Montjuïc,3
289,Moragas 17,Superficie,17 Carrer de Moragas 08022,1,0,1,1,8022,Sarrià-St. Gervasi,3
290,Ronda Sant Pau 60,Superficie,62 Ronda de Sant Pau 08001,1,0,1,1,8001,Ciutat Vella,3
291,Can Marcet 18,Superficie,18 Avinguda de Can Marcet 08035,1,0,1,1,8035,Horta-Guinardó,3
292,Legalitat 53,Superficie,55 Carrer de la Legalitat 08024,1,0,1,1,8024,Horta-Guinardó,3
293,"Llobregós, 215",Superficie,211 Carrer del Llobregós 08032,1,0,1,1,8032,Horta-Guinardó,3
294,Virgili 10,Superficie,4 Carrer de Virgili 08030,1,0,1,1,8030,Sant Andreu,3
295,"Reina Victoria, 9",Superficie,10 Carrer de la Reina Victòria 08021,1,0,1,1,8021,Sarrià-St. Gervasi,3
296,Guerin Barcelona,Tienda,124 Carrer de Santander 08030,3,0,0,0,8030,Sant Andreu,3
297,Repsol Juníper Serra,Estación de servicio,4 Passeig d'Enric Sanchis 08030,1,0,1,1,8030,Sant Andreu,3
298,Can Bruixa 23,Superficie,33 Carrer de Can Bruixa 08014,1,0,1,1,8014,Sants-Montjuïc,3
299,Foneria 29,Superficie,26 Carrer de la Foneria 08038,1,0,1,1,8038,Sants-Montjuïc,3
300,Cantàbria 28,Superficie,29 Carrer de Cantàbria 08020,1,0,1,1,8020,Sant Martí,3
301,Carrer 60,Superficie,25 Carrer 60 08040,1,0,1,1,8040,Sants-Montjuïc,3
302,Ausiàs March 151,Superficie,139 Carrer de la Marina 08013,1,0,1,1,8013,Eixample,3
303,Salvador Espriu 97,Superficie,8 Carrer de Jaume Vicens i Vives 08005,1,0,1,1,8005,Sant Martí,3
304,Torras i Bages 124,Superficie,149 Passeig de Torras i Bages 08030,1,0,1,1,8030,Sant Andreu,3
305,Poesia 2,Superficie,7B Carrer de la Poesia 08035,1,0,1,1,8035,Horta-Guinardó,3
306,Química 2,Superficie,2 Carrer de la Química 08038,1,0,1,1,8038,Sants-Montjuïc,3
307,Pare Mariana 21,Superficie,17 Carrer del Pare Mariana 08035,1,0,1,1,8035,Horta-Guinardó,3
308,John M. Keynes,Superficie,37 carrer de John Maynard Keynes 08034,1,0,1,1,8034,Les Corts,3
309,Mallorca 100,Superficie,100 Carrer de Mallorca 08029,1,0,1,1,8029,Les Corts,3
310,Pg. Picasso 8,Superficie,8 Passeig de Picasso 08003,1,0,1,1,8003,Ciutat Vella,3
311,Entença 335,Superficie,115 Carrer de Déu i Mata 08029,1,0,1,1,8029,Les Corts,3
312,Mercabarna,Superficie,25 Carrer Major 08040,1,0,1,1,8040,Sants-Montjuïc,3
313,"Via Favència, 21",Superficie,21X Via Favència 08042,1,0,1,1,8042,Nou Barris,3
314,"Carrer Roc Boronat, 122",Superficie,125 Carrer de Roc Boronat 08018,1,0,1,1,8018,Sant Martí,3
315,"Carrer Roc Boronat, 122",Superficie,125 Carrer de Roc Boronat 08018,1,0,1,1,8018,Sant Martí,3
316,"Pla de Palau, 21",Superficie,1366 Pla de Palau 08003,1,0,1,1,8003,Ciutat Vella,3
317,"Provença, 447",Superficie,447 Carrer de Provença 08025,1,0,1,1,8025,Horta-Guinardó,3
318,"Av. Meridiana, 400 E",Superficie,396 Avinguda Meridiana 08030,1,0,1,1,8030,Sant Andreu,3
319,"Passeig de Gràcia, 5",Superficie,4 Carrer de Casp 08010,1,0,1,1,8010,Eixample,3
320,Hotel SB Icària,Hotel,195 Avinguda d'Icària 08005,3,0,0,0,8005,Sant Martí,3
321,REPSOL Plaça Karl Marx,Estación de servicio,106 Passeig de Valldaura 08042,1,0,1,1,8042,Nou Barris,3
322,Trio La Marina de Port,Superficie,19-11 Carrer Mercuri 08038,1,0,1,1,8038,Sants-Montjuïc,3
323,Lidl Vall d'Hebron,Tienda,21 Carrer de Trueba 08035,3,0,0,0,8035,Horta-Guinardó,3
324,Bonanova Park,Hotel,51 Carrer del Capità Arenas 08034,3,0,0,0,8034,Les Corts,3
325,Corte Ingles - Frances Macia,Centro comercial,471 Avinguda Diagonal 08036,3,0,0,0,8036,Eixample,3
326,BCSABAGRACIACCENT06,Superficie,310 Carrer del Consell de Cent 08007,3,0,0,0,8007,Eixample,3
327,Parking Sur Fábrica Nissan,Superficie,Carrer Quatre 08040,0,3,0,0,8040,Sants-Montjuïc,3
328,L'illa Diagonal SABA,Centro comercial,150 Carrer de Numància 08029,2,0,0,0,8029,Les Corts,2
329,E.S. Diagonal Campus Barcelona,Estación de servicio,695 Avinguda Diagonal 08028,1,0,1,1,8028,Sants-Montjuïc,3
330,"Club Esportiu Laietà Barcelona, Carrer Pintor Ribalta 2",Parking,2 Carrer Pintor Ribalta 08028,0,0,2,0,8028,Sants-Montjuïc,2
331,BCMCDOANLDSVILLAOLIMPICA55COMPANIA01,Superficie,45 Avinguda del Litoral 08005,0,0,2,0,8005,Sant Martí,2
332,Charge point EDP Charge,Superficie,239 Carrer d'Aragó 08007,2,0,0,0,8007,Eixample,2
333,Mercadona,Parking,2 Carrer de Micaela Chalmeta 08038,2,0,0,0,8038,Sants-Montjuïc,2
334,C32 S-3 Plz 309 y 310,Parking,148 Carrer de la Ciutat de Granada 08018,2,0,0,0,8018,Sant Martí,2
335,C32 S-3 Plz 309 y 310,Parking,148 Carrer de la Ciutat de Granada 08018,2,0,0,0,8018,Sant Martí,2
336,C22 Plazas 25 y 26,Parking,132 Gran Via de les Corts Catalanes 08038,2,0,0,0,8038,Sants-Montjuïc,2
337,C22 Plazas 20 y 21,Parking,132 Gran Via de les Corts Catalanes 08038,2,0,0,0,8038,Sants-Montjuïc,2
338,NH Barcelona Diagonal Center,Superficie,121 Carrer d'Àlaba 08018,2,0,0,0,8018,Sant Martí,2
339,NH Barcelona Diagonal Center,Superficie,121 Carrer d'Àlaba 08018,2,0,0,0,8018,Sant Martí,2
340,Parking Bertran 73 Putxet - Promoparc,Superficie,75 Carrer de Bertran 08023,2,0,0,0,8023,Gràcia,2
341,Hotel NH Barcelona Stadium,Superficie,111 Travessera de les Corts 08028,2,0,0,0,8028,Sants-Montjuïc,2
342,APK2 Cèntric,Parking,239 Carrer d'Aragó 08007,2,0,0,0,8007,Eixample,2
343,BALLENOIL-ES171650-LOPE DE VEGA,Superficie,137 Carrer de Lope de Vega 08018,0,0,2,0,8018,Sant Martí,2
344,BALLENOIL-ES171650-LOPE DE VEGA,Superficie,137 Carrer de Lope de Vega 08018,0,0,2,0,8018,Sant Martí,2
345,BALLENOIL-ES171650-LOPE DE VEGA,Superficie,137 Carrer de Lope de Vega 08018,0,0,2,0,8018,Sant Martí,2
346,BALLENOIL-ES171650-LOPE DE VEGA,Superficie,137 Carrer de Lope de Vega 08018,0,0,2,0,8018,Sant Martí,2
347,Nissan Sants-Montjuïc,Parking,65 Passeig de la Zona Franca 08038,0,0,1,1,8038,Sants-Montjuïc,2
348,Nissan San Andrés de Palomar,Parking,51 Carrer de la Ciutat d'Asuncion 08030,0,0,1,1,8030,Sant Andreu,2
349,Galp Barcelona Pujades - 162,Parking,297 Carrer de Pujades 08019,0,0,2,0,8019,Sant Martí,2
350,Galp Barcelona Calle Y - 165,Parking,31 Carrer Y 08040,0,0,2,0,8040,Sants-Montjuïc,2
351,Galp Barcelona - Z.Franca-Puerto - 164,Parking,79 Passeig de la Zona Franca 08038,0,0,2,0,8038,Sants-Montjuïc,2
352,2720-Telpark - Sala,Superficie,298 Carrer de Galileu 08014,2,0,0,0,8014,Sants-Montjuïc,2
353,Punto de Spint 6,Parking,68 Carrer del Foc 08038,1,0,0,1,8038,Sants-Montjuïc,2
354,Zona Franca – Barcelona – 03,Superficie,67 Travessia Es 08040,2,0,0,0,8040,Sants-Montjuïc,2
355,Parking Rocas Paris,Parking,184 Carrer de París 08036,2,0,0,0,8036,Eixample,2
356,EUROSTARS Anglí - 263,Parking,Via Sense Nom 08017,2,0,0,0,8017,Sarrià-St. Gervasi,2
357,PARKING GAPARK,Parking,29 Carrer de la Mare de Déu del Remei 08004,1,0,0,0,8004,Sants-Montjuïc,1
358,Galp Zona Franca Plaza Cerda - 016,Parking,225 Passeig de la Zona Franca 08038,0,0,2,0,8038,Sants-Montjuïc,2
359,BARCCARRERDELMASCASANOVASABA05,Superficie,70 Carrer del Mas Casanovas 08041,2,0,0,0,8041,Horta-Guinardó,2
360,BARCCARRERDELMASCASANOVASABA06,Superficie,65 Carrer del Mas Casanovas 08041,2,0,0,0,8041,Horta-Guinardó,2
361,"Endesa CPO BAMSA - Av. de Josep Tarradellas, 46, 08029 Barcelona, Spain",Superficie,46 Avinguda de Josep Tarradellas 08029,2,0,0,0,8029,Les Corts,2
362,"Endesa CPO SABA - Pg. de Gràcia, 33, L'Eixample, 08007 Barcelona, Spain",Superficie,33 Passeig de Gràcia 08007,2,0,0,0,8007,Eixample,2
363,"Endesa CPO SABA - Pg. de Gràcia, 33, L'Eixample, 08007 Barcelona, Spain",Superficie,33 Passeig de Gràcia 08007,2,0,0,0,8007,Eixample,2
364,BCNPASSEIGDEGRACIA05,Superficie,90 Passeig de Gràcia 08008,2,0,0,0,8008,Eixample,2
365,"Endesa CPO SABA - Pg. de Gràcia, 33, L'Eixample, 08007 Barcelona, Spain",Superficie,33 Passeig de Gràcia 08007,2,0,0,0,8007,Eixample,2
366,BCNPASSEIGDEGRACIA06,Superficie,84 Passeig de Gràcia 08008,2,0,0,0,8008,Eixample,2
367,BCSABARAMBLACATALUNYA01,Superficie,14 Rambla de Catalunya 08007,2,0,0,0,8007,Eixample,2
368,"Endesa CPO SABA - Pg. de Gràcia, 33, L'Eixample, 08007 Barcelona, Spain",Superficie,33 Passeig de Gràcia 08007,2,0,0,0,8007,Eixample,2
369,Endesa CPO - Carrer de l'Hospital,Superficie,25 Carrer de l'Hospital 08001,2,0,0,0,8001,Ciutat Vella,2
370,BCOCCIDENTALBARCELONA192901,Superficie,2A Carrer de la Diputació 08014,2,0,0,0,8014,Sants-Montjuïc,2
371,BCOCCIDENTALBARCELONA192902,Superficie,2A Carrer de la Diputació 08014,2,0,0,0,8014,Sants-Montjuïc,2
372,BCPARKINGCONTINENTALNUMANCIA04,Superficie,13 Carrer de Numància 08029,2,0,0,0,8029,Les Corts,2
373,Endesa CPO - PANUFER VALENCIA - C/ de València,Superficie,245 Carrer de València 08007,2,0,0,0,8007,Eixample,2
374,BCBARCELOSANTS01,Superficie,16 Carrer de Viriat 08014,2,0,0,0,8014,Sants-Montjuïc,2
375,1591002318,Superficie,32 Avinguda de Francesc Cambó 08003,2,0,0,0,8003,Ciutat Vella,2
376,1591002118,Superficie,10 Avinguda de Francesc Cambó 08003,2,0,0,0,8003,Ciutat Vella,2
377,Endesa CPO - BAMSA - Carrer del Comte d'Urgell,Superficie,8 Carrer del Comte d'Urgell 08011,2,0,0,0,8011,Eixample,2
378,1591001818,Superficie,16S Rambla de Catalunya 08007,2,0,0,0,8007,Eixample,2
379,1591001718,Superficie,16S Rambla de Catalunya 08007,2,0,0,0,8007,Eixample,2
380,1591001618,Superficie,46 Avinguda de Josep Tarradellas 08029,2,0,0,0,8029,Les Corts,2
381,1591001518,Superficie,56 Carrer de Londres 08036,2,0,0,0,8036,Eixample,2
382,BBMDIPUTACIO02,Superficie,245 Carrer de la Diputació 08007,2,0,0,0,8007,Eixample,2
383,1591001118,Superficie,60 Passeig de Gràcia 08007,2,0,0,0,8007,Eixample,2
384,1591000918,Superficie,40 Carrer del Baluard 08003,2,0,0,0,8003,Ciutat Vella,2
385,"Endesa CPO BAMSA - Pg. de Gràcia & C. del Consell de Cent, 08007 Barcelona, SpainPg. de Gràcia & C. del Consell",Superficie,42 Passeig de Gràcia 08007,2,0,0,0,8007,Eixample,2
386,1591000518,Superficie,21 Carrer de Rivadeneyra 08002,2,0,0,0,8002,Ciutat Vella,2
387,1591000318,Superficie,21 Carrer de Rivadeneyra 08002,2,0,0,0,8002,Ciutat Vella,2
388,1590002418,Superficie,148 Carrer de Casanova 08036,2,0,0,0,8036,Eixample,2
389,1590002318,Superficie,10 Carrer dels Àngels 08001,2,0,0,0,8001,Ciutat Vella,2
390,1590002218,Superficie,21 Carrer dels Àngels 08001,2,0,0,0,8001,Ciutat Vella,2
391,1590002118,Superficie,148 Carrer de Casanova 08036,2,0,0,0,8036,Eixample,2
392,1590001018,Superficie,181 Carrer de Calàbria 08015,2,0,0,0,8015,Eixample,2
393,1590000918,Superficie,75 Carrer de València 08015,2,0,0,0,8015,Eixample,2
394,1590000518,Superficie,95 Gran Via de Carles III 08028,2,0,0,0,8028,Sants-Montjuïc,2
395,1583002218,Superficie,23 Travessera de Gràcia 08021,2,0,0,0,8021,Sarrià-St. Gervasi,2
396,1583002018,Superficie,9 Avinguda de la Catedral,2,0,0,0,8002,Ciutat Vella,2
397,1583001918,Superficie,9 Avinguda de la Catedral,2,0,0,0,8002,Ciutat Vella,2
398,1583001618,Superficie,74 Carrer del Moianès 08014,2,0,0,0,8014,Sants-Montjuïc,2
399,1583001218,Superficie,1 Carrer de l'Abat Safont 08001,2,0,0,0,8001,Ciutat Vella,2
400,1583001118,Superficie,85.B Gran Via de Carles III 08028,2,0,0,0,8028,Sants-Montjuïc,2
401,1583000918,Superficie,43 Travessera de Gràcia 08021,2,0,0,0,8021,Sarrià-St. Gervasi,2
402,1583000218,Superficie,8 Carrer del Comte d'Urgell 08011,2,0,0,0,8011,Eixample,2
403,1583000118,Superficie,23 Plaça del Sol 08012,2,0,0,0,8012,Gràcia,2
404,BARCPLAZAURQUINAONABAMSA07,Superficie,42 Carrer de Casp 08010,2,0,0,0,8010,Eixample,2
405,BARCPLAZAURQUINAONABAMSA08,Superficie,42 Carrer de Casp 08010,2,0,0,0,8010,Eixample,2
406,BCPETROMIRALLESPORT,Superficie,9 Ml Inflamables 08040,0,0,2,0,8040,Sants-Montjuïc,2
407,1591001418,Superficie,46 Avinguda de Josep Tarradellas 08029,2,0,0,0,8029,Les Corts,2
408,Telpark - Sala,Parking,300 Carrer de Galileu 08028,2,0,0,0,8028,Sants-Montjuïc,2
409,BCSABAJOANGUELL23,Superficie,611 Avinguda Diagonal 08028,2,0,0,0,8028,Sants-Montjuïc,2
410,BCSABATRAVESSERA17-21C10,Superficie,23 Travessera de Gràcia 08021,2,0,0,0,8021,Sarrià-St. Gervasi,2
411,BCSABATRAVESSERA43C5,Superficie,43B Travessera de Gràcia 08021,2,0,0,0,8021,Sarrià-St. Gervasi,2
412,BAVINCCIVIT02,Superficie,440 Carrer de Pallars 08019,2,0,0,0,8019,Sant Martí,2
413,BAVINCCIVIT01,Superficie,438 Carrer de Pallars 08019,2,0,0,0,8019,Sant Martí,2
414,"Endesa CPO SABA Hospital Sant Pau - Carrer del Mas Casanovas, 74, 08041 Barcelona, Spain",Superficie,74 Carrer del Mas Casanovas 08041,2,0,0,0,8041,Horta-Guinardó,2
415,"Endesa CPO SABA Hospital Sant Pau - Carrer del Mas Casanovas, 74, 08041 Barcelona, Spain",Superficie,74 Carrer del Mas Casanovas 08041,2,0,0,0,8041,Horta-Guinardó,2
416,BCSABAPAUCASALSPLZ1001,Superficie,16 Avinguda de Pau Casals 08021,2,0,0,0,8021,Sarrià-St. Gervasi,2
417,BCSABACARLESIII01,Superficie,95 Gran Via de Carles III 08028,2,0,0,0,8028,Sants-Montjuïc,2
418,BCSABASIRACUSA01,Superficie,43 Carrer de Siracusa 08012,2,0,0,0,8012,Gràcia,2
419,12011010190004,Superficie,1S Passeig de Lluís Companys 08003,2,0,0,0,8003,Ciutat Vella,2
420,12011010190003,Superficie,1S Passeig de Lluís Companys 08003,2,0,0,0,8003,Ciutat Vella,2
421,12011010190002,Superficie,1S Passeig de Lluís Companys 08003,2,0,0,0,8003,Ciutat Vella,2
422,12011010190001,Superficie,1S Passeig de Lluís Companys 08003,2,0,0,0,8003,Ciutat Vella,2
423,12008000990009,Superficie,15 Carrer de Sant Rafael 08001,2,0,0,0,8001,Ciutat Vella,2
424,BMSIRACUSA01,Superficie,43 Carrer de Siracusa 08012,2,0,0,0,8012,Gràcia,2
425,12008000990006,Superficie,93 Avinguda de Josep Tarradellas 08029,2,0,0,0,8029,Les Corts,2
426,12008000990004,Superficie,15.B Rambla del Raval 08001,2,0,0,0,8001,Ciutat Vella,2
427,BCSABACATEDRALPLZ1016-1015,Superficie,8S Avinguda de la Catedral 08002,2,0,0,0,8002,Ciutat Vella,2
428,BCSABACATEDRALPLZ1014-1013,Superficie,6 Avinguda de la Catedral 08002,2,0,0,0,8002,Ciutat Vella,2
429,BCALCOTASHOTELESCASPE01,Superficie,111 Carrer de Casp 08013,2,0,0,0,8013,Eixample,2
430,BBMDIPUTACIO01,Superficie,286 Carrer de la Diputació 08009,2,0,0,0,8009,Eixample,2
431,1583002118,Superficie,23 Travessera de Gràcia 08021,2,0,0,0,8021,Sarrià-St. Gervasi,2
432,BCSABAAPARCAMIENTOPLAZACATALUNA05,Superficie,23 Plaça de Catalunya 08002,2,0,0,0,8002,Ciutat Vella,2
433,BCSABAAPARCAMIENTOPLAZACATALUNA07,Superficie,21 Carrer de Rivadeneyra 08002,2,0,0,0,8002,Ciutat Vella,2
434,BCSABAAPARCAMIENTOPLAZACATALUNA08,Superficie,23 Plaça de Catalunya 08002,2,0,0,0,8002,Ciutat Vella,2
435,BASABADIPUTACIO04,Superficie,286 Carrer de la Diputació 08009,2,0,0,0,8009,Eixample,2
436,BCSABATRAVESSERADEGRACIA17-2104,Superficie,23 Travessera de Gràcia 08021,2,0,0,0,8021,Sarrià-St. Gervasi,2
437,BASABADIPUTACIO03,Superficie,286 Carrer de la Diputació 08009,2,0,0,0,8009,Eixample,2
438,12113010520008,Superficie,22 Avinguda de Josep Tarradellas 08029,2,0,0,0,8029,Les Corts,2
439,BCFSTHOTELSSLAYREGRANVIA01,Superficie,320 Gran Via de les Corts Catalanes 08004,2,0,0,0,8004,Sants-Montjuïc,2
440,BCPARKINGCONTINENTALNUMANCIA03,Superficie,13 Carrer de Numància 08029,2,0,0,0,8029,Les Corts,2
441,BCHOTELSILKENRAMBLAS02,Superficie,15 Carrer del Pintor Fortuny 08001,2,0,0,0,8001,Ciutat Vella,2
442,BCHOTELSILKENRAMBLAS01,Superficie,15 Carrer del Pintor Fortuny 08001,2,0,0,0,8001,Ciutat Vella,2
443,BCHOTELVINCCIMARITIMO02,Superficie,358 Carrer de Llull 08019,2,0,0,0,8019,Sant Martí,2
444,BCPARKINGCONTINENTALNUMANCIA02,Superficie,13 Carrer de Numància 08029,2,0,0,0,8029,Les Corts,2
445,"Endesa CPO Fira de Barcelona Montjuic-Carrer de Lleida, 2, 8004, Barcelona, Barcelona, España",Superficie,10 Carrer de Lleida 08004,2,0,0,0,8004,Sants-Montjuïc,2
446,BCPARKINGCONTINENTALNUMANCIA01,Superficie,13 Carrer de Numància 08029,2,0,0,0,8029,Les Corts,2
447,"Endesa CPO Fira de Barcelona Montjuic-Carrer de Lleida, 2, 8004, Barcelona, Barcelona, España",Superficie,10 Carrer de Lleida 08004,2,0,0,0,8004,Sants-Montjuïc,2
448,1740000118,Superficie,23 Plaça del Sol 08012,2,0,0,0,8012,Gràcia,2
449,1590000418,Superficie,1 Carrer de l'Abat Safont 08001,2,0,0,0,8001,Ciutat Vella,2
450,1583001018,Superficie,43 Travessera de Gràcia 08021,2,0,0,0,8021,Sarrià-St. Gervasi,2
451,BCSABAAVDADIAGONAL611-615,Superficie,609 Avinguda Diagonal 08028,2,0,0,0,8028,Sants-Montjuïc,2
452,BCSABACARLESIII03,Superficie,85.B Gran Via de Carles III 08028,2,0,0,0,8028,Sants-Montjuïc,2
453,BCSABACARLESIII04,Superficie,85.B Gran Via de Carles III 08028,2,0,0,0,8028,Sants-Montjuïc,2
454,BCSABACARLESIII05,Superficie,85.B Gran Via de Carles III 08028,2,0,0,0,8028,Sants-Montjuïc,2
455,Atlante - Nieves Zona Franca,Superficie,13 Carrer B 08040,0,0,2,0,8040,Sants-Montjuïc,2
456,Atlante - Nieves Zona Franca,Superficie,14 Carrer B 08040,0,0,2,0,8040,Sants-Montjuïc,2
457,"Club Esportiu Laietà Barcelona, Carrer Pintor Ribalta 2",Superficie,1I Avinguda Doctor Marañón 08028,0,0,2,0,8028,Sants-Montjuïc,2
458,TheF Charging Espana - Club Esportiu Laietà Barcel,Superficie,1I Avinguda Doctor Marañón 08028,0,0,2,0,8028,Sants-Montjuïc,2
459,L'illa Diagonal - AC 1,Superficie,Carrer del Prat d'en Rull 08029,2,0,0,0,8029,Les Corts,2
460,L'illa Diagonal - AC 4,Superficie,Carrer del Prat d'en Rull 08029,2,0,0,0,8029,Les Corts,2
461,H10 ITACA,Hotel,22 Avinguda de Roma 08015,2,0,0,0,8015,Eixample,2
462,Derby Hotel,Hotel,25 Carrer de Loreto 08029,2,0,0,0,8029,Les Corts,2
463,Quadis Moto Store,Taller,70 Carrer de Numància 08029,2,0,0,0,8029,Les Corts,2
464,Hotel H10 Casanova,Hotel,559 Gran Via de les Corts Catalanes 08011,2,0,0,0,8011,Eixample,2
465,Carrer 60,Superficie,21 Carrer 60 08040,2,0,0,0,8040,Sants-Montjuïc,2
466,Bailen 93,Superficie,93 Calle de Bailén 08009,0,2,0,0,8009,Eixample,2
467,Riera de Cassoles 61,Superficie,61 Avenida Princep D'Asturies 08012,0,2,0,0,8012,Gràcia,2
468,Riera de Cassoles 6,Superficie,2 Carrer dels Madrazo 08012,0,2,0,0,8012,Gràcia,2
469,"Rosa Sensat, 14",Superficie,147 Avinguda d'Icària 08005,0,2,0,0,8005,Sant Martí,2
470,"Pascual i Vila, 23",Superficie,23-24 Carrer de Pascual i Vila 08028,0,2,0,0,8028,Sants-Montjuïc,2
471,"Arquitecte Moragas, 31",Superficie,38 Avinguda de Can Marcet 08035,0,2,0,0,8035,Horta-Guinardó,2
472,"Cristobal de Moura, 24",Superficie,19 Carrer de Cristóbal de Moura 08019,0,2,0,0,8019,Sant Martí,2
473,"Rbla. Prim, 19",Superficie,17X Avinguda Diagonal 08019,0,2,0,0,8019,Sant Martí,2
474,"Av. Josep Tarradellas, 1",Superficie,4 Avinguda de Josep Tarradellas 08029,0,2,0,0,8029,Les Corts,2
475,"Fígols, 6",Superficie,11 Plaça del Sol de Baix 08028,0,2,0,0,8028,Sants-Montjuïc,2
476,"Pl. Dr. Letamendi, 30-33",Superficie,33 Plaça del Doctor Letamendi 08007,0,2,0,0,8007,Eixample,2
477,"Pg. Salvat Papasseit, 3",Superficie,10 Passeig de Salvat Papasseit 08003,0,2,0,0,8003,Ciutat Vella,2
478,"Pla de Palau, 19",Superficie,9999 Plaça de Correus 08002,0,2,0,0,8002,Ciutat Vella,2
479,República Dominicana,Superficie,54 Carrer de Ferran Junoy 08030,0,2,0,0,8030,Sant Andreu,2
480,"Rambla Badal, 167",Superficie,267 Carrer de Sants 08028,0,2,0,0,8028,Sants-Montjuïc,2
481,"Lisboa, 9",Superficie,11 Carrer de Lisboa 08032,0,2,0,0,8032,Horta-Guinardó,2
482,"D'Osi, 4",Superficie,1 Carrer d'Osi 08034,0,2,0,0,8034,Les Corts,2
483,"Av. Vallcarca, 154",Superficie,150 Avinguda de Vallcarca 08023,0,2,0,0,8023,Gràcia,2
484,"Balmes, 422",Superficie,422 Carrer de Balmes 08022,0,2,0,0,8022,Sarrià-St. Gervasi,2
485,"Av. Sarrià, 126",Superficie,132 Avinguda de Sarrià 08017,0,2,0,0,8017,Sarrià-St. Gervasi,2
486,"Bruc, 84",Superficie,84 Carrer del Bruc 08009,0,2,0,0,8009,Eixample,2
487,"Ctra. Del Prat, 42",Superficie,42 Carretera del Prat 08038,0,2,0,0,8038,Sants-Montjuïc,2
488,"Llançà, 16",Superficie,16 Carrer de Llança 08015,0,2,0,0,8015,Eixample,2
489,"Còrsega, 264",Superficie,262 Carrer de Còrsega 08008,0,2,0,0,8008,Eixample,2
490,"Villarroel, 277",Superficie,271 Carrer de Villarroel 08036,0,2,0,0,8036,Eixample,2
491,"Llacuna, 149",Superficie,147 Carrer de la Llacuna 08018,0,2,0,0,8018,Sant Martí,2
492,"Llacuna, 149",Superficie,147 Carrer de la Llacuna 08018,0,2,0,0,8018,Sant Martí,2
493,"Via Favència, 169",Superficie,169 Via Favència 08042,0,2,0,0,8042,Nou Barris,2
494,"Av. Pearson, 20",Superficie,20 Avinguda de Pearson 08034,0,2,0,0,8034,Les Corts,2
495,Mercadona Carrer Andrade,Centro comercial,256 Carrer de Lope de Vega 08018,2,0,0,0,8018,Sant Martí,2
496,Mercadona Carrer Andrade,Centro comercial,256 Carrer de Lope de Vega 08018,2,0,0,0,8018,Sant Martí,2
497,H10 MARINA BARCELONA,Hotel,64-68 Avinguda del Bogatell 08005,2,0,0,0,8005,Sant Martí,2
498,Parking indigo Piscinas y Deportes,Superficie,29 Carrer de Ganduxer 08021,2,0,0,0,8021,Sarrià-St. Gervasi,2
499,Parking indigo Plaa Wagner,Superficie,7 Plaça de Wagner 08021,2,0,0,0,8021,Sarrià-St. Gervasi,2
500,Parking indigo Mata (Tres Chimeneas),Superficie,36 Carrer de Vila i Vilà 08004,2,0,0,0,8004,Sants-Montjuïc,2
501,Parking indigo Mercat Merce,Superficie,276 Passeig de Fabra i Puig 08031,2,0,0,0,8031,Nou Barris,2
502,Parking indigo Can Fabra,Superficie,9999 Plaça de Ramon Riera 08030,2,0,0,0,8030,Sant Andreu,2
503,Marina Village 1,Superficie,6 Carrer de Ramon Trias Fargas 08005,2,0,0,0,8005,Sant Martí,2
504,Marina Village 2,Superficie,6 Carrer de Ramon Trias Fargas 08005,2,0,0,0,8005,Sant Martí,2
505,APK2 Centric BCN 1,Superficie,65 Rambla de Catalunya 08007,2,0,0,0,8007,Eixample,2
506,Parking indigo Plaa Wagner,Superficie,1 Plaça de Wagner 08021,2,0,0,0,8021,Sarrià-St. Gervasi,2
507,Parking indigo Mata (Tres Chimeneas),Superficie,36 Carrer de Vila i Vilà 08004,2,0,0,0,8004,Sants-Montjuïc,2
508,Parking indigo Can Fabra,Superficie,20 Carrer del Doctor Balari i Jovany 08030,2,0,0,0,8030,Sant Andreu,2
509,Parking indigo Mercat Merce,Superficie,276 Passeig de Fabra i Puig 08031,2,0,0,0,8031,Nou Barris,2
510,Parking indigo Piscinas y Deportes,Superficie,29 Carrer de Ganduxer 08021,2,0,0,0,8021,Sarrià-St. Gervasi,2
511,Vall Parc: Club de tenis i de pàdel a Barcelona,Parking,125I Carretera de l' Arrabassada 08035,2,0,0,0,8035,Horta-Guinardó,2
512,Garaje Park,Parking,1 Carrer del Tenor Viñas 08021,2,0,0,0,8021,Sarrià-St. Gervasi,2
513,Carrer de la Diputació 244,Superficie,244 Carrer de la Diputació 08007,2,0,0,0,8007,Eixample,2
514,Garaje Auriga,Parking,213 Carrer de Còrsega 08036,2,0,0,0,8036,Eixample,2
515,Cargador Aparcaments,Parking,19 Carrer de Sant Quintí 08026,2,0,0,0,8026,Sant Martí,2
516,Mercadona Viladomat,Parking,277 277 08029,2,0,0,0,8029,Les Corts,2
517,Cargador PG toma,Parking,87 Passeig de Gràcia 08008,2,0,0,0,8008,Eixample,2
518,MAKRO-Barcelona-02,Superficie,49 Carrer Lletra A de la Zona Franca 08040,2,0,0,0,8040,Sants-Montjuïc,2
519,MAKRO-Barcelona-03,Superficie,49 Carrer Lletra A de la Zona Franca 08040,2,0,0,0,8040,Sants-Montjuïc,2
520,MAKRO-Barcelona-04,Superficie,49 Carrer Lletra A de la Zona Franca 08040,2,0,0,0,8040,Sants-Montjuïc,2
521,Factor Energía - RC POLO BCN - Caballerizas,Superficie,8 Carrer del General Batet 08028,2,0,0,0,8028,Sants-Montjuïc,2
522,Hotel Front Marítim,Hotel,69 Passeig de Garcia Fària 08019,2,0,0,0,8019,Sant Martí,2
523,Nissan Sants-Montjuïc,Superficie,65 Passeig de la Zona Franca 08038,0,0,1,1,8038,Sants-Montjuïc,2
524,Mercadona Avinguda de Rio de Janeiro,Tienda,82 Avinguda de Rio de Janeiro 08016,2,0,0,0,8016,Nou Barris,2
525,undefined,Superficie,244 Carrer de la Diputació 08007,2,0,0,0,8007,Eixample,2
526,Mercadona Sardenya 229,Tienda,231 Carrer de Sardenya 08013,2,0,0,0,8013,Eixample,2
527,Allego/ESALLEGO000011,Superficie,51 Carrer de la Ciutat d'Asuncion 08030,0,0,1,1,8030,Sant Andreu,2
528,Allego/ESALLEGO000013,Superficie,379 Carrer de Pere IV 08020,0,0,1,1,8020,Sant Martí,2
529,HOTEL CATALONIA RAMBLAS,Hotel,30 Carrer de Pelai 08001,2,0,0,0,8001,Ciutat Vella,2
530,Hotel Catalonia Barcelona 505,Hotel,503 Carrer de Muntaner 08022,2,0,0,0,8022,Sarrià-St. Gervasi,2
531,Parking Provença 228 - Promoparc,Parking,230 Carrer de Provença 08036,2,0,0,0,8036,Eixample,2
532,Anpora Parking Roger de Flor,Parking,148 Carrer de Roger de Flor 08013,2,0,0,0,8013,Eixample,2
533,Interior Concesionario Letamendi,Superficie,177 Carrer de València 08011,1,0,1,0,8011,Eixample,2
534,Nissan San Andrés de Palomar,Superficie,51 Carrer de la Ciutat d'Asuncion 08030,0,0,1,1,8030,Sant Andreu,2
535,Parking NN Urgell,Parking,230 Carrer del Comte d'Urgell 08036,2,0,0,0,8036,Eixample,2
536,Bailen 93,Superficie,93 Carrer de Bailèn 08009,0,2,0,0,8009,Eixample,2
537,Pg. Joan de Borbó 68,Superficie,69 Passeig de Joan de Borbó 08003,0,2,0,0,8003,Ciutat Vella,2
538,Riera de Cassoles 6,Superficie,2 Carrer dels Madrazo 08012,0,2,0,0,8012,Gràcia,2
539,Riera de Cassoles 61,Superficie,60 Avinguda de la Riera de Cassoles 08012,0,2,0,0,8012,Gràcia,2
540,Pintor Tapiró 2-6,Superficie,5 Carrer del Pintor Tapiró 08028,0,2,0,0,8028,Sants-Montjuïc,2
541,"Lope de Vega, 158-160",Superficie,492 Carrer de Lope de Vega 08005,0,2,0,0,8005,Sant Martí,2
542,"Rosa Sensat, 14",Superficie,11 Carrer de Rosa Sensat 08005,0,2,0,0,8005,Sant Martí,2
543,"Arquitecte Moragas, 31",Superficie,38 Avinguda de Can Marcet 08035,0,2,0,0,8035,Horta-Guinardó,2
544,"Av. Josep Vicenç Foix, 86 Bis",Superficie,86 Avinguda de Josep Vicenç Foix 08034,0,2,0,0,8034,Les Corts,2
545,"Av. Esplugues, 52",Superficie,10 Carrer d'Eduard Toldrà 08034,0,2,0,0,8034,Les Corts,2
546,"Ciutat de Granada, 11",Superficie,8 Passatge de Mas de Roda 08005,0,2,0,0,8005,Sant Martí,2
547,"Rbla. Guipúscoa, 103",Superficie,103 Rambla de Guipúscoa 08020,0,2,0,0,8020,Sant Martí,2
548,"Rbla. Prim, 19",Superficie,17X Avinguda Diagonal 08019,0,2,0,0,8019,Sant Martí,2
549,"Cristobal de Moura, 24",Superficie,21 Carrer de Cristóbal de Moura 08019,0,2,0,0,8019,Sant Martí,2
550,"Fígols, 6",Superficie,11 Plaça del Sol de Baix 08028,0,2,0,0,8028,Sants-Montjuïc,2
551,"Av. Josep Tarradellas, 1",Superficie,1 Avinguda de Josep Tarradellas 08029,0,2,0,0,8029,Les Corts,2
552,"Pl. Dr. Letamendi, 30-33",Superficie,33 Plaça del Doctor Letamendi 08007,0,2,0,0,8007,Eixample,2
553,"Ausiàs March, 131",Superficie,114 Carrer d'Ausiàs Marc 08013,0,2,0,0,8013,Eixample,2
554,"Pg. Salvat Papasseit, 3",Superficie,10 Passeig de Salvat Papasseit 08003,0,2,0,0,8003,Ciutat Vella,2
555,"Via Laietana, 1",Superficie,9999 Plaça d'Antonio López 08002,0,2,0,0,8002,Ciutat Vella,2
556,c/ Europa 38,Superficie,38 Carrer d'Europa 08014,0,2,0,0,8014,Sants-Montjuïc,2
557,"Llull, 285",Superficie,288 Carrer de Llull 08019,0,2,0,0,8019,Sant Martí,2
558,República Dominicana,Superficie,54 Carrer de Ferran Junoy 08030,0,2,0,0,8030,Sant Andreu,2
559,"Lisboa, 9",Superficie,11 Carrer de Lisboa 08032,0,2,0,0,8032,Horta-Guinardó,2
560,"Rambla Badal, 167",Superficie,267 Carrer de Sants 08028,0,2,0,0,8028,Sants-Montjuïc,2
561,"Av. Vallcarca, 154",Superficie,150 Avinguda de Vallcarca 08023,0,2,0,0,8023,Gràcia,2
562,"D'Osi, 4",Superficie,1 Carrer d'Osi 08034,0,2,0,0,8034,Les Corts,2
563,"Av.Sarrià, 126",Superficie,132 Avinguda de Sarrià 08017,0,2,0,0,8017,Sarrià-St. Gervasi,2
564,"Balmes, 422",Superficie,422 Carrer de Balmes 08022,0,2,0,0,8022,Sarrià-St. Gervasi,2
565,"Ctra. Del Prat, 42",Superficie,42 Carretera del Prat 08038,0,2,0,0,8038,Sants-Montjuïc,2
566,"Bruc, 84",Superficie,84 Carrer del Bruc 08009,0,2,0,0,8009,Eixample,2
567,"Fontanella, 1",Superficie,1 Carrer de Fontanella 08010,0,2,0,0,8010,Eixample,2
568,"Còrsega, 264",Superficie,262 Carrer de Còrsega 08008,0,2,0,0,8008,Eixample,2
569,"Llançà, 16",Superficie,16 Carrer de Llança 08015,0,2,0,0,8015,Eixample,2
570,"Villarroel, 277",Superficie,271 Carrer de Villarroel 08036,0,2,0,0,8036,Eixample,2
571,"Torras i Bages, 11",Superficie,11 Passeig de Torras i Bages 08030,0,2,0,0,8030,Sant Andreu,2
572,"Llacuna, 149",Superficie,147 Carrer de la Llacuna 08018,0,2,0,0,8018,Sant Martí,2
573,"Llacuna, 149",Superficie,147 Carrer de la Llacuna 08018,0,2,0,0,8018,Sant Martí,2
574,"Av. Pearson, 20",Superficie,20 Avinguda de Pearson 08034,0,2,0,0,8034,Les Corts,2
575,"Via Favència, 169",Superficie,169 Via Favència 08042,0,2,0,0,8042,Nou Barris,2
576,HOTEL CATALONIA MIKADO,Hotel,2 Carrer d'Iradier 08017,2,0,0,0,8017,Sarrià-St. Gervasi,2
577,Mercadona Trav Les Corts,Tienda,142 Travessera de les Corts 08028,2,0,0,0,8028,Sants-Montjuïc,2
578,APK2 Plaza del Mar,Superficie,76 Passeig de Joan de Borbó 08003,2,0,0,0,8003,Ciutat Vella,2
579,"Supercharger Barcelona - L'Illa Diagonal, Spain",Centro comercial,583 Avinguda Diagonal 08017,0,0,0,0,8017,Sarrià-St. Gervasi,1
580,Parkmestres Parking,Parking,208 Carrer de París 08008,2,0,0,0,8008,Eixample,2
581,Carrer de la Diputació 244,Superficie,244 Carrer de la Diputació 08007,2,0,0,0,8007,Eixample,2
582,Mercadona calle Perú - Barcelona,Tienda,157 Carrer del Perú 08018,2,0,0,0,8018,Sant Martí,2
583,Mercadona calle Perú - Barcelona,Tienda,157 Carrer del Perú 08018,2,0,0,0,8018,Sant Martí,2
584,Hotel Ohla Eixample,Hotel,291 Carrer de Còrsega 08008,2,0,0,0,8008,Eixample,2
585,Hotel Olivia Balmes,Hotel,250 Carrer de Provença 08008,2,0,0,0,8008,Eixample,2
586,Hotel Gallery Barcelona,Hotel,251 Carrer del Rosselló 08008,2,0,0,0,8008,Eixample,2
587,Feníe Energía/0438,Superficie,181 Carrer de Còrsega 08036,2,0,0,0,8036,Eixample,2
588,Mercadona Duero,Tienda,19 Carrer del Duero 08031,2,0,0,0,8031,Nou Barris,2
589,Hotel Alimara,Hotel,126 carrer de Berruguete 08035,2,0,0,0,8035,Horta-Guinardó,2
590,parking ortigosa,Parking,23 Carrer d'Amadeu Vives 08003,2,0,0,0,8003,Ciutat Vella,2
591,"Parking Massens - carrer Massens, 73",Parking,73 Carrer de Massens 08024,2,0,0,0,8024,Horta-Guinardó,2
592,Zeromotorcycles BCN,Concesionario,216 Carrer de Còrsega 08036,1,1,0,0,8036,Eixample,2
593,ACTA VORAPORT,Hotel,35X Carrer de la Llacuna 08005,2,0,0,0,8005,Sant Martí,2
594,La Maquinista Motos,Centro comercial,16I Carrer de Ferran Junoy 08030,0,2,0,0,8030,Sant Andreu,2
595,Aldi Numancia 88,Tienda,90 Carrer de Numància 08029,2,0,0,0,8029,Les Corts,2
596,Mercadona Bonaventura Muñoz,Tienda,37 Carrer de Buenaventura Muñoz 08018,2,0,0,0,8018,Sant Martí,2
597,Mercadona Bonaventura Muñoz,Tienda,37 Carrer de Buenaventura Muñoz 08018,2,0,0,0,8018,Sant Martí,2
598,El Corte Inglés Can Dragó,Centro comercial,48 Passeig d'Andreu Nin 08016,2,0,0,0,8016,Nou Barris,2
599,AUDI zona franca,Concesionario,61 Carrer A 08040,1,0,1,0,8040,Sants-Montjuïc,2
600,Mercadona Calle Aneto,Tienda,3 Carrer d'Inca 08031,2,0,0,0,8031,Nou Barris,2
601,HOTEL BARCELONA 1882,Hotel,509 Carrer de Còrsega 08025,2,0,0,0,8025,Horta-Guinardó,2
602,Mercadona Magòria-La Campana,Tienda,187 Gran Via de les Corts Catalanes 08014,2,0,0,0,8014,Sants-Montjuïc,2
603,1583001418,Superficie,158 Carrer de Pau Claris 08009,2,0,0,0,8009,Eixample,2
604,1591001018,Superficie,19 Carrer d'Escuder 08003,2,0,0,0,8003,Ciutat Vella,2
605,Mercadona - C. Veneçuela - Sant Martí,Centro comercial,96 Carrer de Puigcerdà 08019,2,0,0,0,8019,Sant Martí,2
606,Parking Rius,Parking,480 Carrer de València 08013,2,0,0,0,8013,Eixample,2
607,Hotel Catalonia Diagonal Centro,Hotel,142 Carrer de Balmes 08008,1,0,0,0,8008,Eixample,1
608,ilunion les corts spa,Parking,11Bis Carrer del Cardenal Reig 08028,1,0,0,0,8028,Sants-Montjuïc,1
609,Parking Sicilia,Parking,259 Carrer de Sicília 08025,1,1,0,0,8025,Horta-Guinardó,2
610,Aparthotel Silver,Hotel,28 Carrer de Bretón de los Herreros 08012,1,1,0,0,8012,Gràcia,2
611,Hotel Crowne Plaza,Hotel,1 Avinguda de Rius i Taulet 08004,0,0,0,0,8004,Sants-Montjuïc,1
612,Barna parking,Parking,231 Carrer del Rosselló 08008,2,0,0,0,8008,Eixample,2
613,Parking Galvany,Parking,36 Carrer de Calaf 08021,2,0,0,0,8021,Sarrià-St. Gervasi,2
614,Parking Clot saba,Parking,1-103 Carrer Marconi 08018,0,2,0,0,8018,Sant Martí,2
615,Parking Clot saba,Parking,1-103 Carrer Marconi 08018,0,2,0,0,8018,Sant Martí,2
616,SABA,Superficie,28 Avinguda Parc Logístic 08040,0,2,0,0,8040,Sants-Montjuïc,2
617,Hotel Miramar Barcelona (Tesla DC),Hotel,15 Carretera Antiga de Montjuïc 08038,1,0,0,0,8038,Sants-Montjuïc,1
618,Catalunya wagen,Concesionario,61 Carrer Lletra A de la Zona Franca 08040,2,0,0,0,8040,Sants-Montjuïc,2
619,Cementirio Sant Andreu,Superficie,28 Carrer dels Garrofers 08016,1,1,0,0,8016,Nou Barris,2
620,Garaje Atarazanas,Parking,7 Carrer del Portal de Santa Madrona 08001,2,0,0,0,8001,Ciutat Vella,2
621,Parking Nh Sants - Promoparc,Parking,72 Carrer de Numància 08029,0,2,0,0,8029,Les Corts,2
622,Campus Universitat Politécnica de Catalunya,Parking,37 Carrer de Sor Eulàlia d'Anzizu 08034,0,2,0,0,8034,Les Corts,2
623,EL NOU RAVAL SL,Parking,124 Carrer de l'Hospital 08001,0,2,0,0,8001,Ciutat Vella,2
624,Hotel Pullman Barcelona Skipper,Hotel,8 Avinguda del Litoral 08005,0,2,0,0,8005,Sant Martí,2
625,BARFIRAHOSPITALETPABELLO8_01,Superficie,81 Carrer de l'Urani 08038,1,0,0,0,8038,Sants-Montjuïc,1
626,"Endesa CPO Av. Joan Carles I, 64, 08908 L'Hospitalet de Llobregat, Barcelona, Spain",Superficie,81 Carrer de l'Urani 08038,1,0,0,0,8038,Sants-Montjuïc,1
627,Bluespace - Rambla Guipuzcoa,Parking,159 Carrer de Guipúscoa 08020,0,0,1,0,8020,Sant Martí,1
628,Fundacion Ampans,Hotel,2 Carrer Major del Rectoret 08017,1,0,0,0,8017,Sarrià-St. Gervasi,1
629,NH Collection Barcelona Pódium,Superficie,8 Carrer de Bailèn 08010,1,0,0,0,8010,Eixample,1
630,MOEVE-ES113690-PARIS URGEL,Superficie,219 Carrer del Comte d'Urgell 08036,0,0,1,0,8036,Eixample,1
631,MOEVE-ES113690-PARIS URGEL,Superficie,219 Carrer del Comte d'Urgell 08036,0,0,1,0,8036,Eixample,1
632,Hotel Best Western Dante,Hotel,181 Carrer de Mallorca 08036,1,0,0,0,8036,Eixample,1
633,Condis Horta-Guinardó,Tienda,417 Passeig Maragall 08032,1,0,0,0,8032,Horta-Guinardó,1
634,Parking Roma 2000,Parking,7B Carrer de València 08015,1,0,0,0,8015,Eixample,1
635,BARCCARRERDELMASCASANOVASABA02,Superficie,65 Carrer del Mas Casanovas 08041,1,0,0,0,8041,Horta-Guinardó,1
636,BARCCARRERDELMASCASANOVASABA01,Superficie,82 Carrer del Mas Casanovas 08041,1,0,0,0,8041,Horta-Guinardó,1
637,BARCCARRERDELMASCASANOVASABA04,Superficie,82 Carrer del Mas Casanovas 08041,1,0,0,0,8041,Horta-Guinardó,1
638,BARCCARRERDELMASCASANOVASABA03,Superficie,82 Carrer del Mas Casanovas 08041,1,0,0,0,8041,Horta-Guinardó,1
639,Endesa CPO - C/ de Joan Güell,Superficie,611 Avinguda Diagonal 08028,1,0,0,0,8028,Sants-Montjuïc,1
640,Endesa CPO - C/ de Joan Güell,Superficie,607B Avinguda Diagonal 08028,1,0,0,0,8028,Sants-Montjuïc,1
641,Endesa CPO - C/ de Joan Güell,Superficie,607B Avinguda Diagonal 08028,1,0,0,0,8028,Sants-Montjuïc,1
642,Endesa CPO - C/ de Joan Güell,Superficie,607B Avinguda Diagonal 08028,1,0,0,0,8028,Sants-Montjuïc,1
643,Endesa CPO - C/ de Joan Güell,Superficie,607B Avinguda Diagonal 08028,1,0,0,0,8028,Sants-Montjuïc,1
644,Endesa CPO - C/ de Joan Güell,Superficie,611 Avinguda Diagonal 08028,1,0,0,0,8028,Sants-Montjuïc,1
645,Endesa CPO - C/ de Joan Güell,Superficie,607B Avinguda Diagonal 08028,1,0,0,0,8028,Sants-Montjuïc,1
646,Endesa CPO - C/ de Joan Güell,Superficie,611 Avinguda Diagonal 08028,1,0,0,0,8028,Sants-Montjuïc,1
647,Endesa CPO - C/ de Joan Güell,Superficie,611 Avinguda Diagonal 08028,1,0,0,0,8028,Sants-Montjuïc,1
648,Endesa CPO - C/ de Joan Güell,Superficie,611 Avinguda Diagonal 08028,1,0,0,0,8028,Sants-Montjuïc,1
649,"Endesa CPO SABA - Pg. de Gràcia, 33, L'Eixample, 08007 Barcelona, Spain",Superficie,33 Passeig de Gràcia 08007,1,0,0,0,8007,Eixample,1
650,Endesa CPO - SABA - Travessera de Gràcia,Superficie,45 Travessera de Gràcia 08021,1,0,0,0,8021,Sarrià-St. Gervasi,1
651,"Endesa CPO SABA - Pg. de Gràcia, 33, L'Eixample, 08007 Barcelona, Spain",Superficie,33 Passeig de Gràcia 08007,1,0,0,0,8007,Eixample,1
652,BCNPASSEIGDEGRACIA03,Superficie,84 Passeig de Gràcia 08008,1,0,0,0,8008,Eixample,1
653,BCNPASSEIGDEGRACIA04,Superficie,84 Passeig de Gràcia 08008,1,0,0,0,8008,Eixample,1
654,BCNPASSEIGDEGRACIA02,Superficie,84 Passeig de Gràcia 08008,1,0,0,0,8008,Eixample,1
655,BCNPASSEIGDEGRACIA01,Superficie,90 Passeig de Gràcia 08008,1,0,0,0,8008,Eixample,1
656,BARCCARRERDELMASCASANOVASABA10,Superficie,65 Carrer del Mas Casanovas 08041,1,0,0,0,8041,Horta-Guinardó,1
657,BARCCARRERDELMASCASANOVASABA08,Superficie,65 Carrer del Mas Casanovas 08041,1,0,0,0,8041,Horta-Guinardó,1
658,BARCCARRERDELMASCASANOVASABA07,Superficie,65 Carrer del Mas Casanovas 08041,1,0,0,0,8041,Horta-Guinardó,1
659,BARCCARRERDELMASCASANOVASABA09,Superficie,65 Carrer del Mas Casanovas 08041,1,0,0,0,8041,Horta-Guinardó,1
660,BCBARCELOOCCIDENTALATENEAMAR01,Superficie,37 Passeig de Garcia Fària 08019,1,0,0,0,8019,Sant Martí,1
661,BCBARCELOOCCIDENTALATENEAMAR03,Superficie,37 Passeig de Garcia Fària 08019,1,0,0,0,8019,Sant Martí,1
662,BCBARCELOOCCIDENTALATENEAMAR04,Superficie,37 Passeig de Garcia Fària 08019,1,0,0,0,8019,Sant Martí,1
663,BPARKIACORACHAN01,Superficie,5 Plaça de Manuel Corachán 08017,1,0,0,0,8017,Sarrià-St. Gervasi,1
664,BPARKIACORACHAN02,Superficie,5 Plaça de Manuel Corachán 08017,1,0,0,0,8017,Sarrià-St. Gervasi,1
665,BPARKIAMARAGALL01,Superficie,50 Passeig Maragall 08041,1,0,0,0,8041,Horta-Guinardó,1
666,BPARKIABORN01,Superficie,4 Plaça Comercial 08003,1,0,0,0,8003,Ciutat Vella,1
667,BPARKIAMARAGALL02,Superficie,52 Passeig Maragall 08041,1,0,0,0,8041,Horta-Guinardó,1
668,BPARKIABORN2,Superficie,2 Plaça Comercial 08003,1,0,0,0,8003,Ciutat Vella,1
669,Endesa CPO - Avinguda Diagonal,Superficie,595 Avinguda Diagonal 08014,1,0,0,0,8014,Sants-Montjuïc,1
670,Endesa CPO - Via Augusta,Superficie,353 Via Augusta 08017,1,0,0,0,8017,Sarrià-St. Gervasi,1
671,Endesa CPO - Avinguda Diagonal,Superficie,595 Avinguda Diagonal 08014,1,0,0,0,8014,Sants-Montjuïc,1
672,Endesa CPO - Via Augusta,Superficie,353 Via Augusta 08017,1,0,0,0,8017,Sarrià-St. Gervasi,1
673,Endesa CPO - Via Augusta,Superficie,353 Via Augusta 08017,1,0,0,0,8017,Sarrià-St. Gervasi,1
674,Endesa CPO - Via Augusta,Superficie,353 Via Augusta 08017,1,0,0,0,8017,Sarrià-St. Gervasi,1
675,BARMARRIOTFORUM04,Superficie,278 Passeig del Taulat 08019,1,0,0,0,8019,Sant Martí,1
676,BARCPARKINGFIRAGRANVIABARCELONA08,Superficie,31 Carrer del Foc 08038,1,0,0,0,8038,Sants-Montjuïc,1
677,BARCPARKINGFIRAGRANVIABARCELONA07,Superficie,31 Carrer del Foc 08038,1,0,0,0,8038,Sants-Montjuïc,1
678,BARCPARKINGFIRAGRANVIABARCELONA06,Superficie,31 Carrer del Foc 08038,1,0,0,0,8038,Sants-Montjuïc,1
679,BARCPARKINGFIRAGRANVIABARCELONA05,Superficie,31 Carrer del Foc 08038,1,0,0,0,8038,Sants-Montjuïc,1
680,BARMARRIOTFORUM03,Superficie,278 Passeig del Taulat 08019,1,0,0,0,8019,Sant Martí,1
681,BARMARRIOTFORUM02,Superficie,278 Passeig del Taulat 08019,1,0,0,0,8019,Sant Martí,1
682,BARMARRIOTFORUM01,Superficie,278 Passeig del Taulat 08019,1,0,0,0,8019,Sant Martí,1
683,BARCPARKINGFIRAGRANVIABARCELONA03,Superficie,31 Carrer del Foc 08038,1,0,0,0,8038,Sants-Montjuïc,1
684,BARCPARKINGFIRAGRANVIABARCELONA02,Superficie,31 Carrer del Foc 08038,1,0,0,0,8038,Sants-Montjuïc,1
685,BARCPARKINGFIRAGRANVIABARCELONA01,Superficie,31 Carrer del Foc 08038,1,0,0,0,8038,Sants-Montjuïc,1
686,Endesa CPO - Carrer de la Ciutat d'Asuncion,Superficie,36 Carrer de la Ciutat d'Asuncion 08030,0,0,0,0,8030,Sant Andreu,1
687,"Endesa CPO Fira Pabellon 8, 08908 L'Hospitalet de Llobregat, Barcelona, Spain",Superficie,18U Carrer dels Alts Forns 08038,1,0,0,0,8038,Sants-Montjuïc,1
688,"Endesa CPO Fira Pabellon 8, 08908 L'Hospitalet de Llobregat, Barcelona, Spain",Superficie,32 Carrer dels Alts Forns 08038,1,0,0,0,8038,Sants-Montjuïc,1
689,BARFIRAHOSPITALETPABELLO8_01,Superficie,32 Carrer dels Alts Forns 08038,1,0,0,0,8038,Sants-Montjuïc,1
